,Unnamed: 0,siparis_id,musteri_id,siparis_tarihi,sehir,bolge,kategori,urun_adi,adet,birim_fiyat,indirim_orani,kargo_ucreti,odeme_turu,musteri_tipi,teslimat_gunu,musteri_puani,iade_durumu,kar_marji_orani,toplam_tutar,siparis_yili,siparis_ayi,siparis_gunu,haftanin_gunu
0,0,SIP101125,MUS1391,2024-01-13 17:06:00,İstanbul,Marmara,Kozmetik,Nemlendirici,1,414.51,0.05,49.9,Kredi Kartı,Yeni,3.0,5.0,Hayır,0.22,443.68,2024,1,13,Saturday
3,3,SIP100263,MUS1008,2024-08-10 15:13:00,Antalya,Akdeniz,Kitap,Girişimcilik,5,194.78,0.0,49.9,Kapıda Ödeme,Yeni,3.0,5.0,Hayır,0.25,1023.8,2024,8,10,Saturday
4,4,SIP100707,MUS1291,2024-08-19 08:24:00,Gaziantep,Güneydoğu Anadolu,Elektronik,Powerbank,3,841.8,0.05,39.9,Dijital Cüzdan,Mevcut,4.0,5.0,Hayır,0.28,2439.03,2024,8,19,Monday
5,5,SIP100687,MUS1147,2025-08-09 08:42:00,Konya,İç Anadolu,Kozmetik,Nemlendirici,2,417.02,0.0,59.9,Dijital Cüzdan,Mevcut,4.0,5.0,Hayır,0.22,893.94,2025,8,9,Saturday
10,10,SIP100254,MUS1447,2024-07-30 09:06:00,Konya,İç Anadolu,Elektronik,Bluetooth Hoparlör,1,1327.75,0.05,29.9,Banka Kartı,Mevcut,4.0,5.0,Hayır,0.283,1291.26,2024,7,30,Tuesday
11,11,SIP100120,MUS1403,2024-04-02 22:18:00,Antalya,Akdeniz,Kitap,Python Notları,3,216.44,0.0,0.0,Kredi Kartı,Mevcut,4.0,5.0,Hayır,0.189,649.32,2024,4,2,Tuesday
12,12,SIP101013,MUS1390,2025-01-21 10:30:00,İstanbul,Marmara,Ofis,Not Tutucu,1,129.01,0.0,39.9,Kredi Kartı,Mevcut,4.0,5.0,Hayır,0.242,168.91,2025,1,21,Tuesday
13,13,SIP100308,MUS1317,2025-02-01 17:25:00,Trabzon,Karadeniz,Ofis,Kalem Seti,4,98.2,0.0,49.9,Banka Kartı,Yeni,2.0,5.0,Hayır,0.325,496.11,2025,2,1,Saturday
14,14,SIP101295,MUS1404,2024-08-24 12:47:00,İstanbul,Marmara,Ev Yaşam,Organizer,1,251.11,0.2,29.9,Banka Kartı,Yeni,6.0,4.0,Hayır,0.339,230.79,2024,8,24,Saturday
16,16,SIP101066,MUS1436,2024-02-10 10:36:00,Antalya,Akdeniz,Ofis,Defter Seti,1,144.65,0.15,39.9,Kredi Kartı,Yeni,5.0,5.0,Hayır,0.35,162.85,2024,2,10,Saturday
20,20,SIP100320,MUS1211,2025-06-10 22:43:00,Ankara,İç Anadolu,Kozmetik,Güneş Kremi,1,461.1,0.1,29.9,Kapıda Ödeme,Yeni,3.0,5.0,Hayır,0.249,444.89,2025,6,10,Tuesday
21,21,SIP100161,MUS1379,2025-09-21 17:32:00,Mersin,Akdeniz,Elektronik,Kablosuz Kulaklık,2,1537.72,0.15,59.9,Kredi Kartı,Mevcut,1.0,5.0,Hayır,0.399,2674.02,2025,9,21,Sunday
23,23,SIP101363,MUS1248,2025-07-12 15:20:00,Adana,Akdeniz,Kozmetik,Şampuan,1,194.37,0.0,49.9,Dijital Cüzdan,Yeni,4.0,3.0,Hayır,0.404,244.27,2025,7,12,Saturday
25,25,SIP100391,MUS1402,2024-06-23 18:18:00,İstanbul,Marmara,Elektronik,Bluetooth Hoparlör,1,1232.33,0.0,39.9,Dijital Cüzdan,Mevcut,6.0,5.0,Hayır,0.241,1272.23,2024,6,23,Sunday
26,26,SIP100993,MUS1226,2025-02-04 10:04:00,İstanbul,Marmara,Elektronik,Powerbank,1,815.53,0.0,39.9,Banka Kartı,Yeni,4.0,3.0,Hayır,0.203,855.43,2025,2,4,Tuesday
27,27,SIP100686,MUS1032,2025-12-12 22:38:00,Ankara,İç Anadolu,Ev Yaşam,Termos,1,504.31,0.2,39.9,Havale/EFT,Mevcut,2.0,4.0,Hayır,0.265,443.35,2025,12,12,Friday
28,28,SIP100797,MUS1231,2024-01-19 20:02:00,Antalya,Akdeniz,Kozmetik,Serum,2,487.32,0.05,0.0,Dijital Cüzdan,VIP,4.0,5.0,Hayır,0.239,925.91,2024,1,19,Friday
29,29,SIP100352,MUS1101,2024-09-05 15:23:00,Kocaeli,Marmara,Kitap,Girişimcilik,1,208.21,0.2,29.9,Banka Kartı,Mevcut,4.0,4.0,Hayır,0.324,196.47,2024,9,5,Thursday
30,30,SIP100989,MUS1328,2025-04-06 10:16:00,Bursa,Marmara,Ofis,Not Tutucu,1,130.83,0.0,39.9,Kredi Kartı,Yeni,3.0,4.0,Evet,0.39,170.73,2025,4,6,Sunday
31,31,SIP100043,MUS1056,2025-11-16 21:47:00,İstanbul,Marmara,Ofis,Not Tutucu,5,135.47,0.0,29.9,Kapıda Ödeme,Yeni,3.0,4.0,Hayır,0.383,707.25,2025,11,16,Sunday
32,32,SIP100033,MUS1289,2025-04-13 13:59:00,İstanbul,Marmara,Kitap,İş Analitiği Rehberi,2,295.27,0.05,49.9,Havale/EFT,Yeni,4.0,4.0,Hayır,0.27,610.91,2025,4,13,Sunday
33,33,SIP101126,MUS1406,2024-09-11 20:05:00,Mersin,Akdeniz,Elektronik,Bluetooth Hoparlör,1,1159.89,0.1,39.9,Kredi Kartı,Mevcut,2.0,4.0,Hayır,0.204,1083.8,2024,9,11,Wednesday
34,34,SIP100645,MUS1131,2025-07-27 20:40:00,İzmir,Ege,Ofis,Mouse Pad,1,192.44,0.05,49.9,Kredi Kartı,Mevcut,4.0,5.0,Hayır,0.304,232.72,2025,7,27,Sunday
35,35,SIP100886,MUS1117,2025-10-06 18:15:00,İzmir,Ege,Spor,Suluk,1,204.54,0.15,39.9,Kredi Kartı,Mevcut,4.0,5.0,Hayır,0.297,213.76,2025,10,6,Monday
36,36,SIP100503,MUS1090,2025-10-10 21:17:00,Ankara,İç Anadolu,Kitap,Girişimcilik,2,186.43,0.05,29.9,Kapıda Ödeme,Yeni,6.0,5.0,Hayır,0.361,384.12,2025,10,10,Friday
37,37,SIP101179,MUS1172,2025-02-24 13:22:00,Konya,İç Anadolu,Spor,Direnç Bandı,1,267.18,0.0,29.9,Kapıda Ödeme,Mevcut,3.0,3.0,Hayır,0.298,297.08,2025,2,24,Monday
38,38,SIP101334,MUS1433,2024-05-09 21:29:00,İzmir,Ege,Spor,Spor Çantası,2,859.57,0.0,29.9,Kredi Kartı,Yeni,2.0,4.0,Hayır,0.355,1749.04,2024,5,9,Thursday
39,39,SIP100725,MUS1146,2025-05-24 10:10:00,Kocaeli,Marmara,Kitap,Zaman Yönetimi,2,154.18,0.05,49.9,Banka Kartı,Yeni,3.0,5.0,Hayır,0.385,342.84,2025,5,24,Saturday
40,40,SIP100533,MUS1128,2024-11-19 14:22:00,Trabzon,Karadeniz,Kitap,Python Notları,2,225.82,0.0,39.9,Kredi Kartı,Yeni,4.0,5.0,Hayır,0.234,491.54,2024,11,19,Tuesday
41,41,SIP100479,MUS1099,2025-06-10 20:32:00,İstanbul,Marmara,Kozmetik,Güneş Kremi,3,455.19,0.0,49.9,Kredi Kartı,Yeni,1.0,5.0,Hayır,0.2,1415.47,2025,6,10,Tuesday
42,42,SIP100513,MUS1450,2024-06-02 17:06:00,Kayseri,İç Anadolu,Kozmetik,Şampuan,2,198.17,0.0,49.9,Kredi Kartı,VIP,4.0,5.0,Hayır,0.216,446.24,2024,6,2,Sunday
43,43,SIP101300,MUS1030,2025-09-28 14:55:00,Antalya,Akdeniz,Elektronik,Webcam,3,892.29,0.05,49.9,Kredi Kartı,Mevcut,3.0,5.0,Hayır,0.388,2592.93,2025,9,28,Sunday
44,44,SIP100387,MUS1221,2024-04-05 13:38:00,İstanbul,Marmara,Elektronik,Powerbank,2,780.72,0.0,39.9,Dijital Cüzdan,VIP,2.0,5.0,Hayır,0.328,1601.34,2024,4,5,Friday
45,45,SIP100283,MUS1339,2024-08-21 13:35:00,Konya,İç Anadolu,Spor,Direnç Bandı,1,259.29,0.0,29.9,Dijital Cüzdan,Mevcut,1.0,5.0,Hayır,0.337,289.19,2024,8,21,Wednesday
46,46,SIP100234,MUS1204,2025-03-03 22:53:00,Gaziantep,Güneydoğu Anadolu,Elektronik,Bluetooth Hoparlör,1,1220.47,0.05,49.9,Kredi Kartı,VIP,2.0,3.0,Hayır,0.267,1209.35,2025,3,3,Monday
47,47,SIP101294,MUS1144,2024-04-16 08:22:00,Ankara,İç Anadolu,Kozmetik,Serum,1,577.75,0.2,39.9,Dijital Cüzdan,Mevcut,2.0,5.0,Hayır,0.269,502.1,2024,4,16,Tuesday
48,48,SIP100147,MUS1190,2024-04-03 19:33:00,İstanbul,Marmara,Kitap,Veri Bilimi 101,1,248.03,0.0,59.9,Kredi Kartı,Mevcut,4.0,3.0,Hayır,0.388,307.93,2024,4,3,Wednesday
49,49,SIP100258,MUS1403,2025-07-23 15:03:00,Eskişehir,İç Anadolu,Kitap,Zaman Yönetimi,3,169.39,0.0,59.9,Dijital Cüzdan,VIP,3.0,4.0,Hayır,0.415,568.07,2025,7,23,Wednesday
50,50,SIP101040,MUS1386,2025-04-01 09:30:00,Trabzon,Karadeniz,Spor,Dambıl Seti,1,1554.15,0.0,49.9,Banka Kartı,Mevcut,4.0,5.0,Hayır,0.217,1604.05,2025,4,1,Tuesday
51,51,SIP100669,MUS1294,2025-12-11 11:11:00,Antalya,Akdeniz,Ofis,Kalem Seti,1,107.66,0.05,59.9,Banka Kartı,Yeni,2.0,5.0,Hayır,0.246,162.18,2025,12,11,Thursday
52,52,SIP100390,MUS1246,2025-01-04 08:27:00,Mersin,Akdeniz,Ev Yaşam,Termos,1,487.61,0.0,59.9,Kredi Kartı,Mevcut,2.0,3.0,Hayır,0.302,547.51,2025,1,4,Saturday
53,53,SIP101357,MUS1360,2025-03-15 09:14:00,Antalya,Akdeniz,Spor,Suluk,2,204.16,0.0,39.9,Dijital Cüzdan,Mevcut,2.0,4.0,Hayır,0.196,448.22,2025,3,15,Saturday
54,54,SIP100330,MUS1356,2024-01-10 08:44:00,Antalya,Akdeniz,Kozmetik,Şampuan,2,182.62,0.15,39.9,Kredi Kartı,Yeni,3.0,4.0,Hayır,0.394,350.35,2024,1,10,Wednesday
55,55,SIP100235,MUS1146,2024-02-08 08:19:00,Kocaeli,Marmara,Ev Yaşam,Saklama Kutusu,1,205.66,0.15,39.9,Banka Kartı,Yeni,1.0,5.0,Hayır,0.242,214.71,2024,2,8,Thursday
56,56,SIP100663,MUS1159,2024-05-14 09:52:00,Antalya,Akdeniz,Spor,Spor Çantası,1,879.86,0.0,39.9,Kapıda Ödeme,Mevcut,2.0,4.0,Hayır,0.212,919.76,2024,5,14,Tuesday
57,57,SIP100787,MUS1043,2024-05-19 15:48:00,İstanbul,Marmara,Elektronik,Powerbank,1,825.48,0.0,29.9,Kredi Kartı,Yeni,3.0,5.0,Hayır,0.313,855.38,2024,5,19,Sunday
58,58,SIP100626,MUS1086,2024-10-25 15:25:00,Konya,İç Anadolu,Elektronik,Bluetooth Hoparlör,1,1284.36,0.05,49.9,Dijital Cüzdan,Mevcut,5.0,5.0,Hayır,0.271,1270.04,2024,10,25,Friday
59,59,SIP100058,MUS1442,2025-05-31 14:53:00,Samsun,Karadeniz,Spor,Spor Çantası,1,1015.4,0.1,39.9,Dijital Cüzdan,Mevcut,1.0,4.0,Hayır,0.375,953.76,2025,5,31,Saturday
60,60,SIP100890,MUS1271,2024-11-07 19:47:00,İzmir,Ege,Kitap,Girişimcilik,4,216.38,0.05,49.9,Kredi Kartı,Yeni,1.0,3.0,Hayır,0.199,915.42,2024,11,7,Thursday
62,62,SIP100850,MUS1349,2025-05-25 18:06:00,İstanbul,Marmara,Elektronik,Bluetooth Hoparlör,2,1252.71,0.15,39.9,Dijital Cüzdan,Yeni,2.0,4.0,Hayır,0.209,2169.51,2025,5,25,Sunday
63,63,SIP100792,MUS1393,2024-05-05 11:53:00,Ankara,İç Anadolu,Kozmetik,Şampuan,1,195.73,0.0,39.9,Kredi Kartı,Mevcut,2.0,4.0,Hayır,0.181,235.63,2024,5,5,Sunday
64,64,SIP100288,MUS1253,2025-06-17 10:43:00,Eskişehir,İç Anadolu,Ev Yaşam,Organizer,1,275.95,0.0,39.9,Kredi Kartı,Yeni,5.0,5.0,Hayır,0.289,315.85,2025,6,17,Tuesday
65,65,SIP100882,MUS1422,2024-04-23 09:50:00,Adana,Akdeniz,Spor,Direnç Bandı,4,249.76,0.1,29.9,Banka Kartı,Mevcut,3.0,5.0,Hayır,0.306,929.04,2024,4,23,Tuesday
66,66,SIP100561,MUS1123,2025-10-23 14:53:00,İzmir,Ege,Ev Yaşam,Masa Lambası,2,708.02,0.1,29.9,Kredi Kartı,Yeni,4.0,5.0,Hayır,0.267,1304.34,2025,10,23,Thursday
67,67,SIP100127,MUS1080,2025-11-17 19:44:00,İstanbul,Marmara,Spor,Suluk,1,188.3,0.0,39.9,Dijital Cüzdan,Mevcut,1.0,5.0,Hayır,0.232,228.2,2025,11,17,Monday
68,68,SIP100603,MUS1427,2024-04-25 19:03:00,İzmir,Ege,Kitap,Veri Bilimi 101,2,241.84,0.0,29.9,Kredi Kartı,Mevcut,4.0,5.0,Hayır,0.34,513.58,2024,4,25,Thursday
69,69,SIP101003,MUS1196,2025-11-13 15:04:00,İstanbul,Marmara,Kitap,İş Analitiği Rehberi,2,273.31,0.1,49.9,Kredi Kartı,Mevcut,5.0,3.0,Hayır,0.19,541.86,2025,11,13,Thursday
70,70,SIP100715,MUS1033,2024-11-10 21:50:00,İstanbul,Marmara,Ev Yaşam,Termos,1,552.05,0.0,39.9,Kredi Kartı,Mevcut,2.0,3.0,Hayır,0.185,591.95,2024,11,10,Sunday
72,72,SIP101096,MUS1366,2025-11-12 12:07:00,İstanbul,Marmara,Ev Yaşam,Kahve Kupası,2,177.9,0.0,29.9,Kredi Kartı,Mevcut,4.0,5.0,Hayır,0.36,385.7,2025,11,12,Wednesday
73,73,SIP101364,MUS1267,2024-04-17 14:44:00,Bursa,Marmara,Kitap,Veri Bilimi 101,1,228.47,0.05,29.9,Kredi Kartı,Yeni,4.0,3.0,Evet,0.252,246.95,2024,4,17,Wednesday
74,74,SIP100936,MUS1100,2024-02-18 12:58:00,İstanbul,Marmara,Kitap,Python Notları,2,221.68,0.0,39.9,Kredi Kartı,Mevcut,4.0,3.0,Evet,0.36,483.26,2024,2,18,Sunday
75,75,SIP100543,MUS1101,2024-04-12 19:17:00,İstanbul,Marmara,Kozmetik,Nemlendirici,2,385.54,0.0,59.9,Kapıda Ödeme,Mevcut,5.0,5.0,Hayır,0.374,830.98,2024,4,12,Friday
76,76,SIP100145,MUS1137,2025-11-22 18:35:00,Antalya,Akdeniz,Kozmetik,Serum,2,487.5,0.1,49.9,Kredi Kartı,VIP,3.0,5.0,Hayır,0.281,927.4,2025,11,22,Saturday
79,79,SIP100582,MUS1213,2024-03-22 15:51:00,İstanbul,Marmara,Ev Yaşam,Kahve Kupası,1,200.91,0.0,29.9,Banka Kartı,Mevcut,2.0,3.0,Hayır,0.274,170.76,2024,3,22,Friday
80,80,SIP101275,MUS1072,2025-08-19 08:40:00,Bursa,Marmara,Ev Yaşam,Termos,1,498.47,0.05,29.9,Dijital Cüzdan,Yeni,5.0,5.0,Evet,0.397,503.45,2025,8,19,Tuesday
81,81,SIP100743,MUS1360,2024-04-26 18:30:00,Trabzon,Karadeniz,Ev Yaşam,Organizer,1,253.72,0.0,39.9,Havale/EFT,Mevcut,1.0,4.0,Hayır,0.278,293.62,2024,4,26,Friday
82,82,SIP100807,MUS1431,2025-01-07 14:12:00,Ankara,İç Anadolu,Kozmetik,Güneş Kremi,1,451.28,0.0,49.9,Kredi Kartı,Mevcut,4.0,5.0,Hayır,0.315,501.18,2025,1,7,Tuesday
83,83,SIP100467,MUS1017,2024-05-29 21:03:00,Trabzon,Karadeniz,Kitap,İş Analitiği Rehberi,5,292.58,0.15,59.9,Havale/EFT,Yeni,5.0,4.0,Hayır,0.361,1303.36,2024,5,29,Wednesday
84,84,SIP100679,MUS1310,2024-05-20 18:51:00,İzmir,Ege,Ev Yaşam,Termos,2,477.62,0.0,49.9,Kredi Kartı,Mevcut,3.0,4.0,Hayır,0.323,1005.14,2024,5,20,Monday
85,85,SIP100667,MUS1281,2024-11-05 16:29:00,Ankara,İç Anadolu,Kitap,Veri Bilimi 101,1,227.3,0.15,39.9,Kredi Kartı,Mevcut,2.0,5.0,Hayır,0.388,233.1,2024,11,5,Tuesday
86,86,SIP101071,MUS1131,2024-09-18 12:24:00,İstanbul,İç Anadolu,Elektronik,Powerbank,1,816.74,0.0,39.9,Banka Kartı,Yeni,3.0,5.0,Hayır,0.301,856.64,2024,9,18,Wednesday
87,87,SIP100854,MUS1205,2025-01-25 09:25:00,Gaziantep,Güneydoğu Anadolu,Kozmetik,Serum,3,530.1,0.05,29.9,Kredi Kartı,Yeni,6.0,5.0,Hayır,0.328,1540.69,2025,1,25,Saturday
89,89,SIP100063,MUS1249,2025-07-13 20:38:00,Eskişehir,İç Anadolu,Spor,Spor Çantası,3,896.11,0.0,0.0,Dijital Cüzdan,Mevcut,1.0,5.0,Hayır,0.328,2688.33,2025,7,13,Sunday
90,90,SIP100836,MUS1148,2024-08-17 19:13:00,Mersin,Akdeniz,Spor,Yoga Matı,2,737.33,0.05,39.9,Kredi Kartı,Mevcut,2.0,5.0,Hayır,0.388,1440.83,2024,8,17,Saturday
91,91,SIP100637,MUS1313,2024-03-30 08:06:00,Mersin,Akdeniz,Ofis,Mouse Pad,1,167.61,0.0,29.9,Kredi Kartı,Yeni,3.0,5.0,Hayır,0.283,197.51,2024,3,30,Saturday
92,92,SIP101366,MUS1347,2025-03-04 14:00:00,Bursa,Marmara,Ev Yaşam,Organizer,1,272.4,0.0,29.9,Kredi Kartı,Mevcut,1.0,4.0,Hayır,0.212,302.3,2025,3,4,Tuesday
93,93,SIP100971,MUS1117,2025-04-28 18:32:00,Samsun,Karadeniz,Kozmetik,Yüz Temizleme Jeli,1,337.35,0.0,29.9,Dijital Cüzdan,VIP,3.0,3.0,Hayır,0.35,367.25,2025,4,28,Monday
95,95,SIP101276,MUS1373,2025-08-04 16:55:00,Eskişehir,İç Anadolu,Ofis,Not Tutucu,1,146.83,0.0,29.9,Kredi Kartı,Yeni,4.0,4.0,Hayır,0.276,176.73,2025,8,4,Monday
97,97,SIP101368,MUS1383,2025-06-15 17:16:00,Konya,İç Anadolu,Kitap,İş Analitiği Rehberi,2,307.08,0.15,49.9,Kredi Kartı,Yeni,2.0,5.0,Hayır,0.289,571.94,2025,6,15,Sunday
98,98,SIP101138,MUS1045,2025-03-07 16:36:00,Ankara,İç Anadolu,Elektronik,Powerbank,1,749.66,0.05,39.9,Havale/EFT,Mevcut,3.0,4.0,Hayır,0.304,752.08,2025,3,7,Friday
99,99,SIP100770,MUS1133,2025-12-11 21:07:00,Kayseri,İç Anadolu,Kitap,Zaman Yönetimi,1,166.83,0.05,49.9,Kredi Kartı,Mevcut,5.0,4.0,Evet,0.316,208.39,2025,12,11,Thursday
100,100,SIP100029,MUS1030,2024-10-30 11:03:00,Gaziantep,Güneydoğu Anadolu,Ev Yaşam,Masa Lambası,2,683.74,0.2,59.9,Banka Kartı,Mevcut,3.0,5.0,Hayır,0.411,1153.88,2024,10,30,Wednesday
102,102,SIP101079,MUS1065,2025-08-29 10:16:00,Antalya,Akdeniz,Spor,Direnç Bandı,2,250.14,0.05,49.9,Kredi Kartı,Mevcut,3.0,3.0,Hayır,0.221,525.17,2025,8,29,Friday
104,104,SIP100671,MUS1072,2025-01-23 13:31:00,İstanbul,Marmara,Elektronik,Powerbank,2,865.6,0.05,0.0,Banka Kartı,Yeni,5.0,3.0,Hayır,0.336,1731.2,2025,1,23,Thursday
106,106,SIP100402,MUS1203,2024-10-09 14:09:00,Konya,İç Anadolu,Elektronik,Bluetooth Hoparlör,2,1251.52,0.0,29.9,Banka Kartı,Mevcut,2.0,5.0,Hayır,0.272,2532.94,2024,10,9,Wednesday
107,107,SIP100301,MUS1073,2024-10-29 14:58:00,Trabzon,Karadeniz,Spor,Yoga Matı,1,721.42,0.05,49.9,Dijital Cüzdan,Yeni,6.0,5.0,Hayır,0.346,735.25,2024,10,29,Tuesday
109,109,SIP100799,MUS1338,2024-11-15 19:24:00,İstanbul,Marmara,Spor,Dambıl Seti,1,1523.96,0.05,49.9,Kredi Kartı,Yeni,4.0,5.0,Hayır,0.313,1497.66,2024,11,15,Friday
111,111,SIP101326,MUS1420,2025-05-03 19:08:00,Gaziantep,Güneydoğu Anadolu,Spor,Suluk,3,198.8,0.05,39.9,Havale/EFT,Mevcut,5.0,5.0,Hayır,0.22,606.48,2025,5,3,Saturday
112,112,SIP100731,MUS1390,2024-03-02 12:08:00,İstanbul,Marmara,Kitap,Girişimcilik,2,193.69,0.1,39.9,Kredi Kartı,Mevcut,2.0,3.0,Hayır,0.408,388.54,2024,3,2,Saturday
113,113,SIP100607,MUS1340,2024-02-24 15:41:00,Kocaeli,Marmara,Kozmetik,Güneş Kremi,2,456.42,0.05,39.9,Dijital Cüzdan,Yeni,1.0,5.0,Hayır,0.225,907.1,2024,2,24,Saturday
114,114,SIP100108,MUS1241,2024-01-16 19:09:00,İzmir,Ege,Kozmetik,Şampuan,1,189.97,0.05,39.9,Kredi Kartı,Mevcut,2.0,4.0,Hayır,0.408,220.37,2024,1,16,Tuesday
115,115,SIP101313,MUS1402,2025-09-15 11:51:00,Eskişehir,İç Anadolu,Elektronik,Kablosuz Kulaklık,2,1529.18,0.1,39.9,Kredi Kartı,Mevcut,6.0,3.0,Hayır,0.375,2792.42,2025,9,15,Monday
116,116,SIP100510,MUS1113,2024-03-28 11:28:00,Konya,İç Anadolu,Kitap,İş Analitiği Rehberi,1,285.4,0.0,0.0,Banka Kartı,Mevcut,5.0,4.0,Hayır,0.209,285.4,2024,3,28,Thursday
117,117,SIP101238,MUS1352,2025-11-10 21:55:00,Ankara,İç Anadolu,Ofis,Kalem Seti,2,108.89,0.1,39.9,Dijital Cüzdan,Mevcut,1.0,5.0,Hayır,0.246,235.9,2025,11,10,Monday
118,118,SIP101380,MUS1344,2025-10-29 13:11:00,Adana,Akdeniz,Kozmetik,Şampuan,1,182.67,0.0,29.9,Kredi Kartı,Mevcut,4.0,4.0,Hayır,0.253,212.57,2025,10,29,Wednesday
119,119,SIP100777,MUS1186,2024-04-29 21:08:00,İstanbul,Marmara,Spor,Yoga Matı,1,681.47,0.0,49.9,Dijital Cüzdan,Mevcut,3.0,4.0,Hayır,0.413,731.37,2024,4,29,Monday
120,120,SIP100681,MUS1280,2025-05-25 21:46:00,İzmir,Ege,Elektronik,Powerbank,1,749.85,0.0,49.9,Kredi Kartı,Mevcut,2.0,3.0,Hayır,0.375,799.75,2025,5,25,Sunday
121,121,SIP100548,MUS1378,2024-06-27 20:18:00,Antalya,Akdeniz,Kitap,Girişimcilik,2,230.54,0.1,39.9,Kredi Kartı,Mevcut,5.0,5.0,Hayır,0.192,454.87,2024,6,27,Thursday
122,122,SIP100540,MUS1186,2025-12-06 08:00:00,Adana,Akdeniz,Spor,Suluk,3,217.68,0.05,29.9,Kredi Kartı,Mevcut,4.0,4.0,Hayır,0.281,650.29,2025,12,6,Saturday
123,123,SIP100087,MUS1391,2024-11-08 17:39:00,Ankara,İç Anadolu,Kozmetik,Şampuan,1,204.16,0.1,39.9,Kredi Kartı,VIP,2.0,4.0,Hayır,0.359,223.64,2024,11,8,Friday
124,124,SIP101365,MUS1412,2025-03-24 21:07:00,Gaziantep,Güneydoğu Anadolu,Ev Yaşam,Masa Lambası,1,694.4,0.1,39.9,Kredi Kartı,Mevcut,2.0,5.0,Hayır,0.321,664.86,2025,3,24,Monday
125,125,SIP100888,MUS1032,2024-03-12 09:21:00,İzmir,Ege,Elektronik,Powerbank,2,818.54,0.2,0.0,Kredi Kartı,VIP,4.0,3.0,Hayır,0.39,1309.66,2024,3,12,Tuesday
126,126,SIP100991,MUS1125,2025-11-17 19:29:00,İstanbul,Marmara,Ev Yaşam,Saklama Kutusu,2,209.24,0.0,0.0,Kredi Kartı,Yeni,6.0,4.0,Hayır,0.21,418.48,2025,11,17,Monday
127,127,SIP100223,MUS1212,2025-08-09 19:07:00,Mersin,Akdeniz,Ev Yaşam,Termos,1,467.94,0.1,49.9,Kredi Kartı,Mevcut,3.0,5.0,Hayır,0.356,471.05,2025,8,9,Saturday
128,128,SIP100940,MUS1032,2025-03-25 20:06:00,Samsun,Karadeniz,Kozmetik,Serum,1,507.46,0.15,39.9,Banka Kartı,Mevcut,3.0,4.0,Evet,0.402,471.24,2025,3,25,Tuesday
130,130,SIP100848,MUS1384,2024-05-06 13:05:00,İstanbul,Marmara,Kitap,Python Notları,2,232.08,0.0,39.9,Kredi Kartı,Yeni,2.0,4.0,Hayır,0.339,504.06,2024,5,6,Monday
131,131,SIP101255,MUS1305,2024-02-25 09:03:00,Kocaeli,Marmara,Kozmetik,Şampuan,1,200.69,0.1,49.9,Kredi Kartı,VIP,2.0,5.0,Hayır,0.394,230.52,2024,2,25,Sunday
132,132,SIP100931,MUS1253,2024-07-19 21:40:00,Adana,Akdeniz,Ev Yaşam,Termos,2,491.34,0.0,39.9,Kredi Kartı,Mevcut,2.0,5.0,Hayır,0.234,1022.58,2024,7,19,Friday
133,133,SIP101328,MUS1266,2024-10-13 20:06:00,İstanbul,Marmara,Kitap,Girişimcilik,3,202.54,0.1,49.9,Kredi Kartı,Mevcut,5.0,5.0,Evet,0.266,596.76,2024,10,13,Sunday
134,134,SIP100064,MUS1202,2024-06-18 21:29:00,İstanbul,Marmara,Ofis,Not Tutucu,1,131.4,0.05,49.9,Dijital Cüzdan,VIP,4.0,4.0,Hayır,0.385,174.73,2024,6,18,Tuesday
136,136,SIP101308,MUS1022,2025-11-01 08:11:00,Konya,İç Anadolu,Ev Yaşam,Termos,2,550.5,0.0,59.9,Havale/EFT,Mevcut,3.0,5.0,Hayır,0.319,1160.9,2025,11,1,Saturday
139,139,SIP101304,MUS1165,2025-10-30 20:49:00,Ankara,İç Anadolu,Ofis,Mouse Pad,1,153.63,0.0,49.9,Banka Kartı,Yeni,7.0,5.0,Hayır,0.229,203.53,2025,10,30,Thursday
140,140,SIP100157,MUS1309,2025-10-22 21:09:00,İstanbul,Marmara,Ofis,Mouse Pad,2,173.36,0.1,29.9,Kredi Kartı,Yeni,2.0,4.0,Hayır,0.338,341.95,2025,10,22,Wednesday
141,141,SIP101015,MUS1247,2024-09-20 14:29:00,İstanbul,Marmara,Kitap,Python Notları,5,235.34,0.1,49.9,Kredi Kartı,Yeni,5.0,5.0,Hayır,0.3,1108.93,2024,9,20,Friday
142,142,SIP100867,MUS1097,2024-05-08 10:00:00,Adana,Akdeniz,Ofis,Defter Seti,1,157.83,0.0,39.9,Kredi Kartı,Mevcut,5.0,4.0,Hayır,0.301,197.73,2024,5,8,Wednesday
143,143,SIP100077,MUS1389,2024-01-11 16:12:00,Adana,Akdeniz,Ofis,Kalem Seti,2,100.82,0.0,39.9,Kredi Kartı,Mevcut,5.0,4.0,Hayır,0.265,241.54,2024,1,11,Thursday
144,144,SIP100486,MUS1408,2025-11-07 08:30:00,Samsun,Karadeniz,Spor,Direnç Bandı,1,261.24,0.0,39.9,Kredi Kartı,Yeni,5.0,4.0,Hayır,0.315,301.14,2025,11,7,Friday
145,145,SIP100448,MUS1286,2025-05-08 13:42:00,İstanbul,Marmara,Kitap,Python Notları,1,218.56,0.0,0.0,Banka Kartı,Mevcut,2.0,4.0,Hayır,0.3,218.56,2025,5,8,Thursday
146,146,SIP101065,MUS1003,2024-07-31 18:57:00,Mersin,Akdeniz,Kozmetik,Yüz Temizleme Jeli,1,320.23,0.0,39.9,Kredi Kartı,Mevcut,3.0,5.0,Hayır,0.19,360.13,2024,7,31,Wednesday
147,147,SIP100708,MUS1188,2025-11-29 12:25:00,Antalya,Akdeniz,Ofis,Mouse Pad,1,190.48,0.0,39.9,Kredi Kartı,VIP,1.0,3.0,Hayır,0.33,230.38,2025,11,29,Saturday
148,148,SIP100454,MUS1367,2024-12-05 16:49:00,İstanbul,Marmara,Ev Yaşam,Kahve Kupası,4,197.11,0.1,59.9,Banka Kartı,Mevcut,4.0,4.0,Hayır,0.258,769.5,2024,12,5,Thursday
149,149,SIP100173,MUS1083,2025-03-27 15:49:00,İstanbul,Marmara,Kitap,Girişimcilik,4,203.82,0.05,59.9,Kredi Kartı,Mevcut,3.0,5.0,Hayır,0.345,834.42,2025,3,27,Thursday
151,151,SIP100209,MUS1177,2025-09-13 10:20:00,Bursa,Marmara,Ev Yaşam,Saklama Kutusu,1,236.34,0.0,39.9,Kapıda Ödeme,Yeni,2.0,4.0,Hayır,0.289,276.24,2025,9,13,Saturday
152,152,SIP101234,MUS1181,2024-09-27 22:04:00,İzmir,Ege,Elektronik,Bluetooth Hoparlör,1,1158.27,0.05,39.9,Kredi Kartı,Mevcut,4.0,5.0,Evet,0.22,1198.17,2024,9,27,Friday
155,155,SIP101150,MUS1388,2024-09-02 12:10:00,İzmir,Ege,Ofis,Defter Seti,2,144.4,0.05,49.9,Banka Kartı,Yeni,1.0,4.0,Hayır,0.275,324.26,2024,9,2,Monday
156,156,SIP100828,MUS1260,2025-03-08 22:58:00,Bursa,Marmara,Spor,Suluk,1,217.05,0.05,29.9,Kapıda Ödeme,Mevcut,2.0,5.0,Hayır,0.262,236.1,2025,3,8,Saturday
159,159,SIP100443,MUS1031,2025-03-07 18:56:00,Mersin,Akdeniz,Kitap,Zaman Yönetimi,4,148.11,0.0,59.9,Havale/EFT,Yeni,6.0,3.0,Hayır,0.263,652.34,2025,3,7,Friday
160,160,SIP100526,MUS1315,2024-10-19 11:02:00,İstanbul,Marmara,Kitap,Girişimcilik,1,190.67,0.05,39.9,Havale/EFT,Mevcut,3.0,4.0,Hayır,0.381,221.04,2024,10,19,Saturday
161,161,SIP100117,MUS1311,2024-10-08 08:36:00,İstanbul,Marmara,Kitap,Zaman Yönetimi,1,160.85,0.05,49.9,Kapıda Ödeme,Mevcut,1.0,5.0,Hayır,0.372,202.71,2024,10,8,Tuesday
162,162,SIP100654,MUS1398,2024-06-06 11:21:00,İstanbul,Marmara,Spor,Spor Çantası,3,874.03,0.1,29.9,Dijital Cüzdan,Mevcut,3.0,5.0,Hayır,0.357,2389.78,2024,6,6,Thursday
163,163,SIP101301,MUS1369,2025-11-25 12:54:00,Mersin,Akdeniz,Kozmetik,Şampuan,2,177.92,0.05,49.9,Dijital Cüzdan,Mevcut,2.0,5.0,Hayır,0.224,387.95,2025,11,25,Tuesday
164,164,SIP100481,MUS1223,2024-04-16 11:34:00,Kocaeli,Marmara,Kitap,Zaman Yönetimi,2,158.08,0.1,49.9,Kapıda Ödeme,Mevcut,3.0,4.0,Hayır,0.267,334.44,2024,4,16,Tuesday
165,165,SIP100212,MUS1158,2024-07-13 20:10:00,Ankara,İç Anadolu,Kozmetik,Güneş Kremi,3,470.14,0.05,49.9,Kredi Kartı,Mevcut,2.0,5.0,Hayır,0.395,1389.8,2024,7,13,Saturday
166,166,SIP100378,MUS1328,2024-11-05 13:08:00,İzmir,Ege,Elektronik,Webcam,2,943.7,0.05,29.9,Dijital Cüzdan,Mevcut,2.0,5.0,Hayır,0.25,1917.3,2024,11,5,Tuesday
167,167,SIP101256,MUS1262,2025-05-08 19:21:00,İstanbul,Marmara,Ofis,Kalem Seti,1,104.45,0.15,59.9,Kapıda Ödeme,Yeni,5.0,5.0,Hayır,0.31,148.68,2025,5,8,Thursday
169,169,SIP100483,MUS1162,2024-08-21 22:16:00,Ankara,İç Anadolu,Elektronik,Powerbank,2,853.43,0.15,39.9,Kredi Kartı,Mevcut,3.0,3.0,Hayır,0.341,1490.73,2024,8,21,Wednesday
171,171,SIP100154,MUS1236,2024-04-27 14:01:00,Adana,Akdeniz,Spor,Suluk,1,187.63,0.05,49.9,Dijital Cüzdan,Yeni,3.0,5.0,Hayır,0.228,228.15,2024,4,27,Saturday
172,172,SIP100420,MUS1287,2024-07-04 12:06:00,İstanbul,Marmara,Kitap,Girişimcilik,4,206.49,0.0,49.9,Kredi Kartı,Mevcut,4.0,5.0,Hayır,0.187,875.86,2024,7,4,Thursday
174,175,SIP101173,MUS1371,2025-02-02 21:00:00,İzmir,Ege,Kitap,Girişimcilik,1,205.92,0.1,49.9,Banka Kartı,VIP,3.0,5.0,Hayır,0.263,235.23,2025,2,2,Sunday
175,176,SIP100129,MUS1204,2024-04-11 18:23:00,İzmir,Ege,Ev Yaşam,Saklama Kutusu,2,242.89,0.0,0.0,Banka Kartı,VIP,5.0,4.0,Hayır,0.235,485.78,2024,4,11,Thursday
176,177,SIP100262,MUS1390,2025-01-21 18:38:00,Mersin,Akdeniz,Elektronik,Webcam,2,872.56,0.05,59.9,Banka Kartı,Mevcut,5.0,4.0,Hayır,0.271,1717.76,2025,1,21,Tuesday
177,178,SIP101137,MUS1421,2025-01-27 14:35:00,Konya,İç Anadolu,Ev Yaşam,Masa Lambası,1,622.8,0.05,29.9,Kredi Kartı,Mevcut,1.0,5.0,Hayır,0.361,621.56,2025,1,27,Monday
178,179,SIP101127,MUS1228,2024-12-12 21:45:00,Trabzon,Karadeniz,Elektronik,Powerbank,3,828.53,0.1,39.9,Kredi Kartı,Yeni,4.0,4.0,Hayır,0.224,1700.45,2024,12,12,Thursday
179,180,SIP100041,MUS1448,2024-08-03 18:15:00,Trabzon,Karadeniz,Elektronik,Webcam,1,937.76,0.15,49.9,Banka Kartı,Yeni,3.0,4.0,Hayır,0.406,847.0,2024,8,3,Saturday
180,181,SIP100496,MUS1435,2024-09-26 19:56:00,İstanbul,Marmara,Kozmetik,Nemlendirici,4,413.33,0.1,0.0,Banka Kartı,Mevcut,5.0,4.0,Hayır,0.18,1487.99,2024,9,26,Thursday
182,183,SIP101258,MUS1353,2025-10-05 12:46:00,Konya,İç Anadolu,Ev Yaşam,Saklama Kutusu,1,214.08,0.2,29.9,Dijital Cüzdan,Yeni,7.0,4.0,Hayır,0.322,201.16,2025,10,5,Sunday
184,185,SIP100295,MUS1079,2025-02-22 18:31:00,İzmir,Ege,Ofis,Defter Seti,2,154.24,0.0,39.9,Kredi Kartı,Yeni,3.0,4.0,Hayır,0.235,348.38,2025,2,22,Saturday
185,186,SIP101281,MUS1299,2025-05-27 12:25:00,Antalya,Akdeniz,Kozmetik,Serum,2,490.93,0.15,49.9,Banka Kartı,Mevcut,4.0,4.0,Hayır,0.278,884.48,2025,5,27,Tuesday
186,187,SIP100178,MUS1041,2025-12-13 21:08:00,İstanbul,Marmara,Ofis,Not Tutucu,2,125.17,0.0,29.9,Havale/EFT,Mevcut,1.0,5.0,Hayır,0.34,280.24,2025,12,13,Saturday
187,188,SIP100124,MUS1242,2025-08-21 14:52:00,Adana,Akdeniz,Kitap,İş Analitiği Rehberi,3,288.0,0.15,49.9,Banka Kartı,Mevcut,4.0,3.0,Hayır,0.186,784.3,2025,8,21,Thursday
188,189,SIP100627,MUS1370,2025-12-07 16:57:00,İzmir,Ege,Kozmetik,Yüz Temizleme Jeli,3,324.24,0.0,0.0,Kredi Kartı,Mevcut,2.0,5.0,Hayır,0.275,972.72,2025,12,7,Sunday
189,190,SIP101098,MUS1223,2024-02-23 18:53:00,İstanbul,Marmara,Kitap,Python Notları,2,227.13,0.0,29.9,Kredi Kartı,VIP,5.0,4.0,Hayır,0.415,484.16,2024,2,23,Friday
190,191,SIP100587,MUS1372,2025-07-17 13:54:00,İzmir,Ege,Ofis,Mouse Pad,1,171.04,0.05,49.9,Kredi Kartı,Mevcut,3.0,5.0,Hayır,0.186,212.39,2025,7,17,Thursday
191,192,SIP101202,MUS1370,2024-04-15 17:50:00,Eskişehir,İç Anadolu,Ofis,Not Tutucu,3,125.19,0.0,49.9,Havale/EFT,Yeni,2.0,4.0,Hayır,0.241,425.47,2024,4,15,Monday
192,193,SIP100559,MUS1387,2024-05-19 13:18:00,Ankara,İç Anadolu,Elektronik,Powerbank,2,838.38,0.0,29.9,Kredi Kartı,Yeni,3.0,5.0,Hayır,0.272,1706.66,2024,5,19,Sunday
194,195,SIP100437,MUS1353,2025-12-21 14:18:00,Bursa,Marmara,Ev Yaşam,Saklama Kutusu,1,216.18,0.15,39.9,Kredi Kartı,Mevcut,6.0,3.0,Hayır,0.297,223.65,2025,12,21,Sunday
195,196,SIP100581,MUS1368,2025-06-22 17:44:00,Konya,İç Anadolu,Spor,Direnç Bandı,3,268.54,0.0,49.9,Banka Kartı,Yeni,3.0,4.0,Hayır,0.19,855.52,2025,6,22,Sunday
196,197,SIP100668,MUS1223,2024-03-08 13:13:00,İstanbul,Marmara,Spor,Direnç Bandı,3,236.74,0.0,29.9,Kapıda Ödeme,Mevcut,3.0,4.0,Hayır,0.213,740.12,2024,3,8,Friday
197,198,SIP100949,MUS1403,2024-02-25 14:22:00,İstanbul,Marmara,Kozmetik,Serum,1,484.35,0.0,29.9,Kredi Kartı,Yeni,1.0,5.0,Hayır,0.226,514.25,2024,2,25,Sunday
198,199,SIP100531,MUS1125,2025-08-11 12:44:00,Mersin,Akdeniz,Ofis,Kalem Seti,2,101.9,0.05,39.9,Kredi Kartı,Mevcut,3.0,5.0,Hayır,0.256,233.51,2025,8,11,Monday
200,201,SIP101159,MUS1161,2025-07-14 21:51:00,Mersin,Akdeniz,Ev Yaşam,Saklama Kutusu,4,230.43,0.0,39.9,Havale/EFT,Yeni,3.0,3.0,Hayır,0.357,961.62,2025,7,14,Monday
201,202,SIP100361,MUS1026,2024-12-01 10:05:00,Adana,Akdeniz,Elektronik,Bluetooth Hoparlör,2,1158.6,0.0,39.9,Havale/EFT,VIP,5.0,4.0,Hayır,0.356,2357.1,2024,12,1,Sunday
203,204,SIP100825,MUS1202,2025-07-01 21:15:00,Samsun,Karadeniz,Ofis,Defter Seti,1,146.78,0.2,59.9,Kapıda Ödeme,Mevcut,3.0,4.0,Hayır,0.324,177.32,2025,7,1,Tuesday
204,205,SIP100916,MUS1306,2024-09-21 14:52:00,Ankara,İç Anadolu,Spor,Suluk,1,207.19,0.0,49.9,Dijital Cüzdan,Yeni,5.0,4.0,Hayır,0.198,257.09,2024,9,21,Saturday
205,206,SIP101191,MUS1381,2025-09-24 19:34:00,Kocaeli,Marmara,Ev Yaşam,Termos,2,515.91,0.2,29.9,Dijital Cüzdan,Yeni,5.0,4.0,Hayır,0.199,855.36,2025,9,24,Wednesday
206,207,SIP101346,MUS1134,2024-09-24 18:20:00,İzmir,Ege,Kozmetik,Güneş Kremi,2,451.71,0.15,39.9,Kredi Kartı,Mevcut,3.0,4.0,Hayır,0.384,807.81,2024,9,24,Tuesday
208,209,SIP100516,MUS1218,2025-08-26 20:47:00,Bursa,Marmara,Spor,Suluk,3,191.92,0.05,59.9,Dijital Cüzdan,Mevcut,4.0,4.0,Hayır,0.251,606.87,2025,8,26,Tuesday
209,210,SIP100125,MUS1155,2025-09-16 11:41:00,İstanbul,Marmara,Kozmetik,Güneş Kremi,4,462.45,0.05,0.0,Kredi Kartı,Mevcut,5.0,4.0,Hayır,0.295,1757.31,2025,9,16,Tuesday
210,211,SIP100672,MUS1229,2024-05-30 18:09:00,Eskişehir,İç Anadolu,Kitap,Veri Bilimi 101,5,257.16,0.0,39.9,Kredi Kartı,Yeni,5.0,5.0,Hayır,0.348,1325.7,2024,5,30,Thursday
211,212,SIP100899,MUS1040,2024-03-24 09:03:00,İstanbul,Marmara,Spor,Direnç Bandı,2,252.58,0.0,39.9,Kredi Kartı,Yeni,1.0,5.0,Hayır,0.389,545.06,2024,3,24,Sunday
212,213,SIP100351,MUS1289,2024-11-14 13:05:00,İstanbul,Marmara,Spor,Suluk,3,231.41,0.0,49.9,Banka Kartı,Yeni,2.0,4.0,Hayır,0.35,744.13,2024,11,14,Thursday
213,214,SIP101033,MUS1002,2025-01-22 17:03:00,Mersin,Akdeniz,Ofis,Not Tutucu,2,138.52,0.1,39.9,Dijital Cüzdan,Mevcut,5.0,4.0,Hayır,0.273,289.24,2025,1,22,Wednesday
214,215,SIP100368,MUS1323,2025-01-27 10:26:00,Bursa,Marmara,Elektronik,Webcam,1,938.08,0.0,49.9,Kredi Kartı,VIP,2.0,5.0,Hayır,0.326,987.98,2025,1,27,Monday
215,216,SIP100334,MUS1128,2024-12-25 14:20:00,Gaziantep,Güneydoğu Anadolu,Kozmetik,Şampuan,1,226.75,0.1,0.0,Havale/EFT,Yeni,4.0,4.0,Hayır,0.242,204.08,2024,12,25,Wednesday
216,217,SIP101181,MUS1045,2025-10-11 12:44:00,Kayseri,İç Anadolu,Kitap,Zaman Yönetimi,4,167.86,0.15,59.9,Banka Kartı,VIP,4.0,5.0,Hayır,0.417,630.62,2025,10,11,Saturday
217,218,SIP100951,MUS1002,2024-06-15 09:29:00,Konya,İç Anadolu,Spor,Suluk,2,210.9,0.0,49.9,Dijital Cüzdan,VIP,7.0,5.0,Hayır,0.205,471.7,2024,6,15,Saturday
218,219,SIP100505,MUS1226,2025-05-13 20:30:00,Bursa,Marmara,Ofis,Mouse Pad,2,181.92,0.0,29.9,Dijital Cüzdan,Yeni,7.0,4.0,Hayır,0.201,393.74,2025,5,13,Tuesday
219,220,SIP100919,MUS1073,2025-08-04 14:28:00,Konya,İç Anadolu,Ev Yaşam,Saklama Kutusu,1,243.21,0.0,39.9,Kredi Kartı,Mevcut,1.0,5.0,Hayır,0.413,283.11,2025,8,4,Monday
220,221,SIP100293,MUS1289,2024-11-29 14:17:00,Konya,İç Anadolu,Kozmetik,Nemlendirici,1,355.35,0.0,39.9,Kapıda Ödeme,Mevcut,3.0,4.0,Hayır,0.319,395.25,2024,11,29,Friday
222,223,SIP100455,MUS1268,2024-01-03 13:22:00,İzmir,Ege,Elektronik,Bluetooth Hoparlör,1,1302.14,0.0,49.9,Kapıda Ödeme,VIP,2.0,5.0,Hayır,0.232,1352.04,2024,1,3,Wednesday
223,224,SIP101349,MUS1026,2025-12-22 13:58:00,İstanbul,Marmara,Spor,Yoga Matı,2,746.15,0.15,29.9,Kredi Kartı,Mevcut,1.0,4.0,Evet,0.38,1298.36,2025,12,22,Monday
224,225,SIP100793,MUS1143,2024-12-30 15:42:00,Antalya,Akdeniz,Ofis,Not Tutucu,1,132.29,0.1,0.0,Banka Kartı,Mevcut,2.0,4.0,Hayır,0.392,119.06,2024,12,30,Monday
225,226,SIP100225,MUS1273,2025-11-09 15:33:00,Bursa,Marmara,Kozmetik,Güneş Kremi,2,458.29,0.05,29.9,Kredi Kartı,VIP,5.0,5.0,Hayır,0.204,900.65,2025,11,9,Sunday
226,227,SIP100959,MUS1438,2025-03-15 18:15:00,Adana,Akdeniz,Ofis,Kalem Seti,4,95.48,0.0,49.9,Dijital Cüzdan,Mevcut,4.0,4.0,Hayır,0.408,431.82,2025,3,15,Saturday
228,229,SIP101208,MUS1441,2024-08-10 09:35:00,Ankara,İç Anadolu,Ev Yaşam,Organizer,3,258.06,0.05,49.9,Kredi Kartı,Mevcut,4.0,3.0,Hayır,0.386,785.37,2024,8,10,Saturday
229,230,SIP101271,MUS1090,2024-08-25 20:51:00,Samsun,Karadeniz,Spor,Suluk,3,202.08,0.05,49.9,Dijital Cüzdan,Mevcut,2.0,4.0,Hayır,0.258,625.83,2024,8,25,Sunday
230,231,SIP100968,MUS1103,2024-10-10 22:14:00,Bursa,Marmara,Kitap,Veri Bilimi 101,3,255.68,0.05,59.9,Kredi Kartı,Yeni,2.0,4.0,Evet,0.382,788.59,2024,10,10,Thursday
231,232,SIP100357,MUS1411,2025-03-21 18:08:00,İstanbul,Marmara,Kozmetik,Yüz Temizleme Jeli,3,299.76,0.2,39.9,Kredi Kartı,Yeni,3.0,5.0,Hayır,0.311,759.32,2025,3,21,Friday
233,234,SIP100954,MUS1016,2025-03-26 11:40:00,Antalya,Akdeniz,Ev Yaşam,Saklama Kutusu,1,238.07,0.0,0.0,Banka Kartı,Mevcut,3.0,3.0,Evet,0.371,238.07,2025,3,26,Wednesday
234,235,SIP100563,MUS1165,2025-10-14 15:39:00,İstanbul,Marmara,Ofis,Defter Seti,2,146.47,0.0,0.0,Kredi Kartı,Mevcut,5.0,4.0,Hayır,0.213,292.94,2025,10,14,Tuesday
235,236,SIP100204,MUS1156,2024-03-21 12:12:00,Samsun,Karadeniz,Kozmetik,Güneş Kremi,1,468.79,0.0,29.9,Banka Kartı,Mevcut,4.0,5.0,Hayır,0.29,498.69,2024,3,21,Thursday
238,239,SIP100680,MUS1096,2025-04-10 16:27:00,Samsun,Karadeniz,Kozmetik,Nemlendirici,1,392.39,0.05,49.9,Banka Kartı,Mevcut,5.0,5.0,Hayır,0.342,422.67,2025,4,10,Thursday
239,240,SIP100468,MUS1288,2025-09-22 21:43:00,Ankara,İç Anadolu,Spor,Yoga Matı,2,707.72,0.1,59.9,Havale/EFT,Mevcut,5.0,3.0,Hayır,0.38,1333.8,2025,9,22,Monday
240,241,SIP100781,MUS1387,2025-04-25 09:58:00,Konya,İç Anadolu,Kozmetik,Yüz Temizleme Jeli,2,317.05,0.2,49.9,Kredi Kartı,Yeni,3.0,4.0,Hayır,0.307,557.18,2025,4,25,Friday
242,243,SIP100386,MUS1193,2024-01-21 13:16:00,İstanbul,Marmara,Elektronik,Webcam,1,939.23,0.0,39.9,Dijital Cüzdan,Mevcut,6.0,3.0,Hayır,0.233,979.13,2024,1,21,Sunday
243,244,SIP101182,MUS1320,2025-10-27 08:39:00,Mersin,Akdeniz,Elektronik,Kablosuz Kulaklık,1,1506.02,0.0,39.9,Dijital Cüzdan,Yeni,1.0,5.0,Hayır,0.292,1545.92,2025,10,27,Monday
244,245,SIP100379,MUS1115,2024-06-27 19:35:00,Trabzon,Karadeniz,Kitap,İş Analitiği Rehberi,2,265.31,0.05,29.9,Havale/EFT,VIP,4.0,3.0,Hayır,0.363,533.99,2024,6,27,Thursday
245,246,SIP100015,MUS1153,2024-09-26 16:48:00,İzmir,Ege,Spor,Yoga Matı,4,743.03,0.15,39.9,Kredi Kartı,VIP,3.0,4.0,Hayır,0.376,2566.2,2024,9,26,Thursday
246,247,SIP100401,MUS1293,2025-07-02 22:22:00,Antalya,Akdeniz,Elektronik,Webcam,2,891.35,0.1,39.9,Dijital Cüzdan,Yeni,2.0,3.0,Hayır,0.232,1644.33,2025,7,2,Wednesday
247,248,SIP100952,MUS1170,2025-04-22 17:13:00,Konya,İç Anadolu,Kitap,Python Notları,3,212.45,0.0,39.9,Kredi Kartı,Mevcut,1.0,4.0,Hayır,0.301,677.25,2025,4,22,Tuesday
248,249,SIP100081,MUS1052,2025-05-10 12:46:00,Adana,Akdeniz,Ev Yaşam,Masa Lambası,4,665.98,0.0,49.9,Banka Kartı,Mevcut,2.0,4.0,Hayır,0.302,2713.82,2025,5,10,Saturday
249,250,SIP100983,MUS1310,2024-10-09 11:00:00,Antalya,Akdeniz,Kozmetik,Şampuan,2,181.23,0.2,39.9,Dijital Cüzdan,Mevcut,2.0,5.0,Hayır,0.335,329.87,2024,10,9,Wednesday
250,251,SIP101142,MUS1076,2025-11-09 17:04:00,İzmir,Ege,Kitap,Veri Bilimi 101,1,287.23,0.0,39.9,Kredi Kartı,Mevcut,3.0,4.0,Hayır,0.33,327.13,2025,11,9,Sunday
251,252,SIP100366,MUS1096,2025-02-08 15:01:00,İstanbul,Marmara,Kozmetik,Şampuan,1,185.93,0.0,39.9,Kredi Kartı,Mevcut,6.0,5.0,Hayır,0.412,225.83,2025,2,8,Saturday
254,255,SIP100521,MUS1061,2024-12-18 20:45:00,Bursa,Marmara,Ofis,Kalem Seti,1,95.35,0.05,39.9,Kredi Kartı,Yeni,3.0,5.0,Hayır,0.272,130.48,2024,12,18,Wednesday
255,256,SIP101285,MUS1245,2024-02-12 09:02:00,Bursa,Marmara,Ev Yaşam,Saklama Kutusu,4,224.22,0.0,39.9,Kredi Kartı,Yeni,5.0,5.0,Hayır,0.411,936.78,2024,2,12,Monday
256,257,SIP100948,MUS1075,2024-12-17 12:23:00,İstanbul,Marmara,Ofis,Kalem Seti,2,103.84,0.05,39.9,Dijital Cüzdan,Mevcut,3.0,4.0,Hayır,0.236,237.2,2024,12,17,Tuesday
257,258,SIP100822,MUS1217,2024-02-27 15:34:00,İzmir,Ege,Ofis,Kalem Seti,1,100.68,0.05,29.9,Kredi Kartı,VIP,2.0,3.0,Hayır,0.404,125.55,2024,2,27,Tuesday
258,259,SIP100066,MUS1130,2024-12-11 20:56:00,Ankara,İç Anadolu,Spor,Suluk,1,203.8,0.0,39.9,Kredi Kartı,Mevcut,5.0,5.0,Hayır,0.264,243.7,2024,12,11,Wednesday
260,261,SIP100309,MUS1060,2025-09-21 17:05:00,İstanbul,Marmara,Kitap,İş Analitiği Rehberi,1,267.89,0.15,39.9,Banka Kartı,Yeni,7.0,5.0,Hayır,0.197,267.61,2025,9,21,Sunday
261,262,SIP101286,MUS1195,2024-02-26 08:49:00,Ankara,İç Anadolu,Ev Yaşam,Termos,2,519.58,0.0,39.9,Havale/EFT,Yeni,1.0,4.0,Hayır,0.358,1079.06,2024,2,26,Monday
262,263,SIP101192,MUS1126,2024-07-10 11:41:00,Gaziantep,Güneydoğu Anadolu,Spor,Suluk,2,190.5,0.15,39.9,Dijital Cüzdan,Yeni,4.0,5.0,Hayır,0.373,363.75,2024,7,10,Wednesday
265,266,SIP100089,MUS1037,2024-10-25 08:14:00,İstanbul,Ege,Kozmetik,Şampuan,1,201.58,0.0,29.9,Kredi Kartı,Yeni,4.0,4.0,Hayır,0.395,231.48,2024,10,25,Friday
268,269,SIP100255,MUS1072,2025-02-15 15:14:00,İstanbul,Marmara,Kitap,Veri Bilimi 101,1,244.09,0.05,49.9,Banka Kartı,Mevcut,2.0,5.0,Hayır,0.377,281.79,2025,2,15,Saturday
269,270,SIP101019,MUS1198,2025-06-05 19:31:00,Eskişehir,İç Anadolu,Kitap,İş Analitiği Rehberi,1,264.76,0.2,39.9,Banka Kartı,Mevcut,3.0,4.0,Evet,0.195,251.71,2025,6,5,Thursday
270,271,SIP100575,MUS1179,2025-07-26 12:34:00,Eskişehir,İç Anadolu,Spor,Direnç Bandı,1,232.57,0.0,49.9,Havale/EFT,Yeni,2.0,4.0,Hayır,0.39,282.47,2025,7,26,Saturday
271,272,SIP101086,MUS1271,2024-09-07 19:42:00,Adana,Akdeniz,Kitap,İş Analitiği Rehberi,2,287.29,0.0,49.9,Dijital Cüzdan,Mevcut,5.0,4.0,Hayır,0.406,624.48,2024,9,7,Saturday
272,273,SIP100018,MUS1393,2024-03-21 09:46:00,Ankara,İç Anadolu,Ev Yaşam,Organizer,1,263.97,0.0,39.9,Kredi Kartı,Yeni,1.0,5.0,Hayır,0.237,303.87,2024,3,21,Thursday
273,274,SIP101296,MUS1139,2025-10-27 20:29:00,İstanbul,Marmara,Ev Yaşam,Kahve Kupası,1,175.4,0.15,49.9,Dijital Cüzdan,Yeni,5.0,5.0,Hayır,0.189,198.99,2025,10,27,Monday
274,275,SIP100813,MUS1383,2025-10-03 08:33:00,Konya,İç Anadolu,Spor,Spor Çantası,1,977.33,0.0,39.9,Kredi Kartı,Mevcut,4.0,5.0,Hayır,0.295,1017.23,2025,10,3,Friday
275,276,SIP100834,MUS1077,2025-12-19 21:10:00,Trabzon,Karadeniz,Ev Yaşam,Saklama Kutusu,1,235.58,0.0,49.9,Kredi Kartı,Mevcut,2.0,5.0,Hayır,0.189,285.48,2025,12,19,Friday
276,277,SIP101068,MUS1252,2025-06-15 22:50:00,İstanbul,Marmara,Ofis,Defter Seti,1,148.97,0.1,39.9,Kredi Kartı,Mevcut,1.0,5.0,Hayır,0.19,173.97,2025,6,15,Sunday
277,278,SIP100594,MUS1223,2024-03-21 20:03:00,Gaziantep,Güneydoğu Anadolu,Kozmetik,Şampuan,2,204.58,0.0,39.9,Dijital Cüzdan,Yeni,1.0,5.0,Hayır,0.267,449.06,2024,3,21,Thursday
279,280,SIP100866,MUS1354,2025-05-13 12:39:00,Bursa,Marmara,Spor,Spor Çantası,3,887.38,0.0,39.9,Kapıda Ödeme,Mevcut,4.0,5.0,Hayır,0.365,2702.04,2025,5,13,Tuesday
280,281,SIP100097,MUS1001,2024-09-15 13:07:00,İstanbul,Marmara,Elektronik,Webcam,1,939.56,0.0,39.9,Dijital Cüzdan,Mevcut,5.0,5.0,Hayır,0.263,979.46,2024,9,15,Sunday
281,282,SIP100986,MUS1292,2025-09-24 19:27:00,İstanbul,Marmara,Ev Yaşam,Masa Lambası,3,638.93,0.0,39.9,Kredi Kartı,VIP,2.0,4.0,Hayır,0.267,1956.69,2025,9,24,Wednesday
282,283,SIP100760,MUS1045,2024-10-11 11:01:00,İstanbul,Marmara,Kozmetik,Nemlendirici,1,387.82,0.1,39.9,Kredi Kartı,Mevcut,3.0,4.0,Hayır,0.367,388.94,2024,10,11,Friday
283,284,SIP100286,MUS1182,2025-03-17 15:35:00,İstanbul,Marmara,Elektronik,Bluetooth Hoparlör,2,1267.81,0.0,29.9,Banka Kartı,Mevcut,2.0,4.0,Evet,0.214,2565.52,2025,3,17,Monday
284,285,SIP100832,MUS1449,2024-12-01 20:18:00,İstanbul,Marmara,Ev Yaşam,Organizer,2,239.16,0.0,49.9,Kredi Kartı,Mevcut,3.0,5.0,Hayır,0.296,528.22,2024,12,1,Sunday
285,286,SIP101104,MUS1127,2024-11-07 09:17:00,Bursa,Marmara,Kitap,Veri Bilimi 101,5,256.63,0.05,39.9,Kredi Kartı,VIP,4.0,5.0,Hayır,0.313,1258.89,2024,11,7,Thursday
286,287,SIP101379,MUS1129,2025-12-29 10:53:00,İstanbul,Karadeniz,Kitap,İş Analitiği Rehberi,1,303.99,0.0,59.9,Kredi Kartı,Mevcut,1.0,4.0,Hayır,0.301,363.89,2025,12,29,Monday
287,288,SIP100927,MUS1181,2025-07-05 08:57:00,Kocaeli,Marmara,Kitap,Veri Bilimi 101,2,268.72,0.2,29.9,Kapıda Ödeme,Mevcut,7.0,4.0,Hayır,0.202,459.85,2025,7,5,Saturday
288,289,SIP100250,MUS1339,2025-04-04 21:58:00,Trabzon,Karadeniz,Ofis,Not Tutucu,5,127.71,0.0,49.9,Dijital Cüzdan,Mevcut,3.0,4.0,Hayır,0.332,688.45,2025,4,4,Friday
290,291,SIP100997,MUS1086,2024-08-13 22:06:00,İstanbul,Marmara,Kitap,Veri Bilimi 101,1,275.84,0.1,0.0,Havale/EFT,Mevcut,1.0,4.0,Hayır,0.24,248.26,2024,8,13,Tuesday
292,293,SIP100224,MUS1071,2025-09-18 22:30:00,Adana,Akdeniz,Spor,Spor Çantası,2,915.71,0.0,49.9,Dijital Cüzdan,Mevcut,1.0,5.0,Evet,0.39,1881.32,2025,9,18,Thursday
293,294,SIP100155,MUS1203,2025-03-23 21:06:00,Mersin,Akdeniz,Ofis,Defter Seti,1,148.96,0.1,29.9,Kredi Kartı,Mevcut,6.0,5.0,Hayır,0.351,163.96,2025,3,23,Sunday
295,296,SIP100377,MUS1340,2024-04-23 21:33:00,İstanbul,Marmara,Kitap,Python Notları,1,232.73,0.1,49.9,Kredi Kartı,VIP,7.0,3.0,Hayır,0.349,259.36,2024,4,23,Tuesday
296,297,SIP101021,MUS1297,2024-09-24 17:29:00,Adana,Akdeniz,Kitap,Python Notları,1,221.38,0.0,29.9,Dijital Cüzdan,Yeni,4.0,5.0,Hayır,0.208,251.28,2024,9,24,Tuesday
297,298,SIP101112,MUS1290,2024-06-19 17:17:00,Bursa,Marmara,Kozmetik,Yüz Temizleme Jeli,5,316.85,0.15,39.9,Havale/EFT,Yeni,4.0,5.0,Evet,0.294,1386.51,2024,6,19,Wednesday
298,299,SIP101006,MUS1169,2024-08-31 22:46:00,İzmir,Ege,Kitap,Veri Bilimi 101,2,246.81,0.0,59.9,Banka Kartı,VIP,4.0,3.0,Hayır,0.397,553.52,2024,8,31,Saturday
299,300,SIP100838,MUS1128,2024-05-29 08:18:00,İstanbul,Marmara,Ev Yaşam,Kahve Kupası,2,165.83,0.1,39.9,Dijital Cüzdan,Yeni,3.0,4.0,Hayır,0.343,338.39,2024,5,29,Wednesday
300,301,SIP101161,MUS1021,2025-03-28 18:59:00,Bursa,Marmara,Spor,Suluk,1,194.52,0.0,49.9,Kredi Kartı,Yeni,4.0,4.0,Hayır,0.229,244.42,2025,3,28,Friday
301,302,SIP100944,MUS1099,2024-12-13 18:43:00,Kayseri,İç Anadolu,Kozmetik,Yüz Temizleme Jeli,4,333.63,0.0,39.9,Havale/EFT,Mevcut,3.0,4.0,Hayır,0.355,1374.42,2024,12,13,Friday
302,303,SIP101052,MUS1435,2024-07-02 21:31:00,İstanbul,Marmara,Kitap,Veri Bilimi 101,2,271.83,0.05,49.9,Havale/EFT,Yeni,5.0,5.0,Hayır,0.379,566.38,2024,7,2,Tuesday
303,304,SIP100168,MUS1093,2024-04-05 18:42:00,İstanbul,Marmara,Kitap,Girişimcilik,4,184.12,0.0,29.9,Kredi Kartı,Mevcut,3.0,4.0,Hayır,0.405,766.38,2024,4,5,Friday
304,305,SIP100599,MUS1316,2025-05-07 16:12:00,Kocaeli,Marmara,Ev Yaşam,Masa Lambası,5,658.89,0.15,49.9,Kredi Kartı,Mevcut,4.0,5.0,Hayır,0.356,2850.18,2025,5,7,Wednesday
305,306,SIP100907,MUS1444,2024-05-21 16:40:00,Gaziantep,Güneydoğu Anadolu,Kozmetik,Nemlendirici,3,377.12,0.0,49.9,Kredi Kartı,Mevcut,2.0,3.0,Hayır,0.369,1181.26,2024,5,21,Tuesday
306,307,SIP100404,MUS1154,2025-05-18 21:44:00,Kocaeli,Marmara,Ofis,Mouse Pad,1,171.7,0.0,49.9,Havale/EFT,VIP,3.0,4.0,Hayır,0.339,221.6,2025,5,18,Sunday
307,308,SIP100501,MUS1120,2025-01-02 08:14:00,Trabzon,Karadeniz,Kitap,Zaman Yönetimi,2,152.56,0.0,39.9,Kredi Kartı,Yeni,3.0,4.0,Hayır,0.39,345.02,2025,1,2,Thursday
308,309,SIP100535,MUS1118,2025-05-25 19:12:00,Ankara,İç Anadolu,Kitap,Python Notları,2,234.41,0.1,59.9,Kredi Kartı,Yeni,4.0,3.0,Hayır,0.28,481.84,2025,5,25,Sunday
309,310,SIP100200,MUS1368,2025-07-18 10:39:00,Antalya,Akdeniz,Ofis,Not Tutucu,3,132.34,0.0,39.9,Dijital Cüzdan,Yeni,5.0,3.0,Hayır,0.347,436.92,2025,7,18,Friday
312,313,SIP101321,MUS1233,2025-08-12 15:40:00,İzmir,Ege,Kozmetik,Nemlendirici,3,360.01,0.05,49.9,Dijital Cüzdan,Yeni,5.0,5.0,Hayır,0.258,1075.93,2025,8,12,Tuesday
313,314,SIP101394,MUS1162,2024-11-13 08:24:00,Samsun,Karadeniz,Ev Yaşam,Masa Lambası,3,698.44,0.2,29.9,Havale/EFT,Yeni,2.0,5.0,Hayır,0.21,1706.16,2024,11,13,Wednesday
314,316,SIP100144,MUS1433,2025-07-23 13:07:00,İstanbul,Marmara,Elektronik,Webcam,2,977.65,0.0,39.9,Havale/EFT,Mevcut,1.0,3.0,Hayır,0.371,1995.2,2025,7,23,Wednesday
315,317,SIP100597,MUS1076,2025-09-01 17:32:00,Gaziantep,Güneydoğu Anadolu,Spor,Direnç Bandı,2,237.42,0.1,39.9,Kredi Kartı,Mevcut,2.0,5.0,Hayır,0.306,467.26,2025,9,1,Monday
316,318,SIP101162,MUS1433,2025-02-22 21:39:00,İzmir,Ege,Ofis,Not Tutucu,3,126.98,0.15,29.9,Dijital Cüzdan,Yeni,4.0,4.0,Hayır,0.386,353.7,2025,2,22,Saturday
317,319,SIP100030,MUS1305,2025-06-27 10:03:00,İstanbul,Marmara,Spor,Spor Çantası,3,890.81,0.15,39.9,Dijital Cüzdan,Yeni,4.0,3.0,Hayır,0.314,2311.47,2025,6,27,Friday
318,320,SIP100226,MUS1153,2025-09-16 15:12:00,Ankara,İç Anadolu,Ofis,Mouse Pad,1,166.47,0.05,49.9,Dijital Cüzdan,Yeni,2.0,5.0,Hayır,0.225,208.05,2025,9,16,Tuesday
319,321,SIP100591,MUS1299,2024-06-07 09:02:00,Bursa,Marmara,Kozmetik,Serum,2,500.52,0.15,39.9,Kredi Kartı,Yeni,5.0,4.0,Hayır,0.408,890.78,2024,6,7,Friday
320,322,SIP101167,MUS1143,2024-11-20 13:38:00,İstanbul,Marmara,Ofis,Defter Seti,2,141.64,0.0,39.9,Kredi Kartı,Mevcut,3.0,4.0,Hayır,0.407,323.18,2024,11,20,Wednesday
321,323,SIP100272,MUS1272,2025-11-06 15:01:00,Konya,İç Anadolu,Kozmetik,Şampuan,2,203.65,0.05,29.9,Kredi Kartı,Mevcut,1.0,4.0,Evet,0.267,416.84,2025,11,6,Thursday
323,326,SIP100656,MUS1053,2025-12-04 21:38:00,İstanbul,Marmara,Ofis,Defter Seti,1,153.25,0.05,29.9,Dijital Cüzdan,Yeni,3.0,4.0,Hayır,0.237,175.49,2025,12,4,Thursday
324,327,SIP100655,MUS1268,2025-11-23 10:13:00,Ankara,İç Anadolu,Elektronik,Powerbank,1,807.74,0.15,39.9,Havale/EFT,Mevcut,3.0,5.0,Hayır,0.197,726.48,2025,11,23,Sunday
325,328,SIP101297,MUS1196,2024-03-27 08:17:00,Ankara,İç Anadolu,Spor,Suluk,1,180.8,0.0,49.9,Kapıda Ödeme,Mevcut,3.0,5.0,Evet,0.347,230.7,2024,3,27,Wednesday
326,329,SIP100588,MUS1232,2025-07-12 11:24:00,Ankara,İç Anadolu,Ev Yaşam,Organizer,2,243.38,0.05,39.9,Havale/EFT,VIP,5.0,4.0,Hayır,0.199,502.32,2025,7,12,Saturday
327,330,SIP101157,MUS1397,2024-10-24 13:39:00,Ankara,İç Anadolu,Ev Yaşam,Saklama Kutusu,2,233.52,0.0,29.9,Kapıda Ödeme,Mevcut,3.0,4.0,Hayır,0.352,496.94,2024,10,24,Thursday
328,331,SIP100249,MUS1331,2024-10-20 14:11:00,Trabzon,Karadeniz,Spor,Yoga Matı,2,733.39,0.05,29.9,Havale/EFT,Mevcut,5.0,4.0,Hayır,0.366,1423.34,2024,10,20,Sunday
329,332,SIP100734,MUS1077,2024-09-10 13:27:00,İstanbul,Marmara,Spor,Dambıl Seti,1,1421.17,0.0,49.9,Banka Kartı,VIP,2.0,4.0,Hayır,0.315,1471.07,2024,9,10,Tuesday
330,333,SIP100809,MUS1219,2024-04-07 17:21:00,Samsun,Karadeniz,Kitap,Girişimcilik,1,196.56,0.1,0.0,Kredi Kartı,Mevcut,6.0,5.0,Hayır,0.204,176.9,2024,4,7,Sunday
331,334,SIP100306,MUS1033,2024-01-05 19:13:00,İstanbul,Ege,Spor,Direnç Bandı,5,243.86,0.0,39.9,Kredi Kartı,Mevcut,3.0,4.0,Hayır,0.35,1259.2,2024,1,5,Friday
332,335,SIP100758,MUS1283,2024-12-12 19:07:00,İstanbul,Marmara,Kozmetik,Şampuan,2,211.01,0.0,49.9,Havale/EFT,VIP,3.0,5.0,Hayır,0.284,471.92,2024,12,12,Thursday
333,336,SIP100302,MUS1232,2024-07-30 16:30:00,Ankara,İç Anadolu,Ofis,Not Tutucu,1,127.34,0.1,39.9,Kredi Kartı,Yeni,3.0,3.0,Hayır,0.41,154.51,2024,7,30,Tuesday
334,337,SIP100984,MUS1148,2025-08-05 22:31:00,Mersin,Akdeniz,Kozmetik,Güneş Kremi,1,445.81,0.0,0.0,Kredi Kartı,Mevcut,3.0,4.0,Hayır,0.241,445.81,2025,8,5,Tuesday
335,338,SIP100214,MUS1373,2024-10-19 16:00:00,Antalya,Akdeniz,Kitap,Zaman Yönetimi,1,152.16,0.0,29.9,Kapıda Ödeme,Mevcut,6.0,5.0,Hayır,0.357,182.06,2024,10,19,Saturday
336,339,SIP101100,MUS1415,2025-12-18 11:42:00,Ankara,İç Anadolu,Elektronik,Webcam,1,977.75,0.05,49.9,Kapıda Ödeme,Yeni,6.0,4.0,Hayır,0.352,978.76,2025,12,18,Thursday
337,340,SIP100800,MUS1254,2025-04-26 15:35:00,Antalya,Akdeniz,Kozmetik,Serum,2,499.87,0.1,39.9,Kapıda Ödeme,Mevcut,3.0,5.0,Hayır,0.261,939.67,2025,4,26,Saturday
340,343,SIP100102,MUS1383,2024-09-06 15:35:00,İzmir,Ege,Spor,Direnç Bandı,2,249.59,0.0,49.9,Kredi Kartı,Yeni,2.0,3.0,Hayır,0.224,549.08,2024,9,6,Friday
342,345,SIP100023,MUS1049,2025-08-07 17:30:00,Bursa,Marmara,Kozmetik,Nemlendirici,1,427.55,0.05,39.9,Kredi Kartı,Mevcut,3.0,5.0,Hayır,0.396,446.07,2025,8,7,Thursday
343,346,SIP100896,MUS1322,2025-04-09 13:15:00,İzmir,Ege,Kozmetik,Yüz Temizleme Jeli,1,294.88,0.0,39.9,Kapıda Ödeme,VIP,4.0,5.0,Hayır,0.34,334.78,2025,4,9,Wednesday
344,347,SIP100784,MUS1387,2024-01-15 16:13:00,Antalya,Akdeniz,Elektronik,Powerbank,1,738.2,0.0,49.9,Havale/EFT,VIP,1.0,3.0,Hayır,0.199,788.1,2024,1,15,Monday
347,350,SIP100712,MUS1061,2024-01-17 08:21:00,Ankara,İç Anadolu,Kozmetik,Şampuan,1,202.41,0.1,39.9,Kredi Kartı,Mevcut,6.0,4.0,Evet,0.2,222.07,2024,1,17,Wednesday
348,351,SIP100172,MUS1428,2024-08-27 16:15:00,Konya,İç Anadolu,Kitap,Zaman Yönetimi,1,165.02,0.15,29.9,Kredi Kartı,Mevcut,4.0,5.0,Hayır,0.381,170.17,2024,8,27,Tuesday
349,352,SIP100969,MUS1362,2024-09-13 12:47:00,Ankara,İç Anadolu,Kitap,İş Analitiği Rehberi,3,267.71,0.0,59.9,Kapıda Ödeme,Mevcut,4.0,5.0,Hayır,0.265,863.03,2024,9,13,Friday
350,353,SIP100444,MUS1313,2025-03-02 22:37:00,Trabzon,Karadeniz,Ev Yaşam,Termos,1,536.44,0.15,39.9,Kredi Kartı,Mevcut,4.0,5.0,Hayır,0.343,495.87,2025,3,2,Sunday
352,355,SIP101198,MUS1016,2024-01-06 10:33:00,Trabzon,Karadeniz,Kozmetik,Serum,1,505.0,0.0,29.9,Havale/EFT,VIP,3.0,4.0,Hayır,0.398,534.9,2024,1,6,Saturday
353,356,SIP101235,MUS1349,2025-05-15 21:15:00,Trabzon,Karadeniz,Kozmetik,Yüz Temizleme Jeli,1,328.32,0.0,29.9,Kredi Kartı,Yeni,5.0,5.0,Evet,0.329,358.22,2025,5,15,Thursday
354,357,SIP101355,MUS1440,2024-06-04 09:47:00,Gaziantep,Güneydoğu Anadolu,Kozmetik,Serum,1,561.01,0.0,39.9,Banka Kartı,Mevcut,6.0,5.0,Hayır,0.396,600.91,2024,6,4,Tuesday
355,358,SIP101085,MUS1218,2025-02-19 08:39:00,Eskişehir,İç Anadolu,Kitap,Veri Bilimi 101,1,240.38,0.05,39.9,Kredi Kartı,Mevcut,5.0,4.0,Evet,0.361,268.26,2025,2,19,Wednesday
356,359,SIP100858,MUS1352,2024-04-05 08:32:00,İstanbul,Marmara,Kitap,Zaman Yönetimi,1,171.31,0.1,29.9,Kredi Kartı,Mevcut,2.0,5.0,Hayır,0.317,184.08,2024,4,5,Friday
357,360,SIP100660,MUS1242,2024-11-14 17:57:00,Antalya,Akdeniz,Ev Yaşam,Termos,1,525.0,0.0,49.9,Kredi Kartı,Mevcut,3.0,5.0,Hayır,0.417,574.9,2024,11,14,Thursday
359,362,SIP101209,MUS1411,2025-11-29 20:27:00,Adana,Akdeniz,Kozmetik,Şampuan,4,206.52,0.0,39.9,Kredi Kartı,Yeni,2.0,5.0,Hayır,0.294,865.98,2025,11,29,Saturday
360,363,SIP100537,MUS1295,2024-02-13 21:30:00,Bursa,Marmara,Elektronik,Powerbank,1,841.62,0.15,59.9,Kredi Kartı,Mevcut,5.0,4.0,Hayır,0.28,775.28,2024,2,13,Tuesday
361,364,SIP100933,MUS1355,2025-06-19 19:50:00,İstanbul,Marmara,Kozmetik,Nemlendirici,4,361.67,0.05,0.0,Kredi Kartı,Mevcut,6.0,3.0,Evet,0.18,1446.68,2025,6,19,Thursday
362,365,SIP100300,MUS1177,2025-01-18 14:29:00,Adana,Akdeniz,Ev Yaşam,Kahve Kupası,5,165.47,0.15,39.9,Havale/EFT,Mevcut,3.0,5.0,Hayır,0.394,743.15,2025,1,18,Saturday
363,366,SIP100049,MUS1340,2025-01-07 14:04:00,Samsun,Karadeniz,Kitap,Python Notları,3,211.46,0.05,29.9,Dijital Cüzdan,VIP,1.0,4.0,Hayır,0.264,632.56,2025,1,7,Tuesday
364,367,SIP101216,MUS1003,2024-03-31 11:46:00,Gaziantep,Güneydoğu Anadolu,Ev Yaşam,Masa Lambası,2,681.51,0.05,39.9,Dijital Cüzdan,Mevcut,3.0,4.0,Hayır,0.189,1334.77,2024,3,31,Sunday
366,369,SIP100148,MUS1346,2025-09-02 09:56:00,Ankara,İç Anadolu,Ofis,Kalem Seti,3,107.77,0.1,49.9,Kredi Kartı,Yeni,3.0,3.0,Hayır,0.188,340.88,2025,9,2,Tuesday
367,370,SIP100135,MUS1235,2025-09-21 08:46:00,İstanbul,Marmara,Kozmetik,Nemlendirici,2,401.04,0.05,39.9,Havale/EFT,Mevcut,5.0,4.0,Hayır,0.343,801.88,2025,9,21,Sunday
370,373,SIP100881,MUS1054,2024-09-30 22:09:00,Kocaeli,Marmara,Elektronik,Powerbank,1,788.66,0.05,29.9,Kapıda Ödeme,Mevcut,1.0,5.0,Hayır,0.19,779.13,2024,9,30,Monday
371,374,SIP100542,MUS1293,2025-12-18 20:23:00,Bursa,Marmara,Ev Yaşam,Kahve Kupası,4,174.56,0.0,49.9,Kredi Kartı,Mevcut,2.0,4.0,Hayır,0.278,748.14,2025,12,18,Thursday
373,376,SIP100194,MUS1204,2025-01-14 13:28:00,İstanbul,Marmara,Ev Yaşam,Kahve Kupası,1,194.98,0.0,49.9,Havale/EFT,Mevcut,6.0,3.0,Hayır,0.309,244.88,2025,1,14,Tuesday
374,377,SIP100639,MUS1034,2025-01-12 22:24:00,İstanbul,Marmara,Ofis,Mouse Pad,2,179.68,0.15,39.9,Kapıda Ödeme,Mevcut,4.0,5.0,Hayır,0.302,345.36,2025,1,12,Sunday
375,378,SIP100031,MUS1215,2024-05-02 22:36:00,İstanbul,Marmara,Ev Yaşam,Kahve Kupası,4,185.66,0.0,49.9,Kredi Kartı,Mevcut,5.0,5.0,Hayır,0.347,792.54,2024,5,2,Thursday
377,380,SIP100137,MUS1365,2025-09-14 10:04:00,İstanbul,Marmara,Elektronik,Webcam,3,961.68,0.1,49.9,Kredi Kartı,Mevcut,2.0,5.0,Hayır,0.389,2646.44,2025,9,14,Sunday
378,381,SIP101132,MUS1348,2024-02-14 17:09:00,Ankara,İç Anadolu,Ofis,Defter Seti,2,158.69,0.0,29.9,Kredi Kartı,Mevcut,4.0,4.0,Hayır,0.301,347.28,2024,2,14,Wednesday
379,382,SIP101397,MUS1107,2024-08-03 19:27:00,İzmir,Ege,Kozmetik,Serum,1,584.54,0.1,49.9,Kredi Kartı,Mevcut,5.0,5.0,Hayır,0.209,575.99,2024,8,3,Saturday
380,383,SIP100116,MUS1152,2024-04-19 11:24:00,Ankara,İç Anadolu,Spor,Direnç Bandı,1,235.2,0.05,49.9,Banka Kartı,Mevcut,4.0,4.0,Hayır,0.365,273.34,2024,4,19,Friday
381,384,SIP101262,MUS1149,2024-06-23 16:47:00,İstanbul,Marmara,Ev Yaşam,Masa Lambası,2,679.73,0.0,39.9,Kredi Kartı,Yeni,4.0,4.0,Hayır,0.263,1399.36,2024,6,23,Sunday
382,385,SIP100719,MUS1314,2024-09-06 22:37:00,İzmir,Ege,Ev Yaşam,Kahve Kupası,4,187.1,0.1,49.9,Kredi Kartı,Yeni,4.0,5.0,Hayır,0.249,723.46,2024,9,6,Friday
383,386,SIP100078,MUS1157,2025-04-03 20:01:00,Ankara,İç Anadolu,Spor,Direnç Bandı,5,242.93,0.0,29.9,Kredi Kartı,Yeni,1.0,3.0,Hayır,0.219,1244.55,2025,4,3,Thursday
384,387,SIP100279,MUS1386,2024-07-02 22:54:00,Eskişehir,İç Anadolu,Kozmetik,Yüz Temizleme Jeli,1,299.7,0.1,29.9,Kredi Kartı,VIP,2.0,4.0,Hayır,0.209,299.63,2024,7,2,Tuesday
385,388,SIP100972,MUS1417,2025-04-30 11:33:00,İstanbul,Marmara,Kitap,Python Notları,1,214.51,0.0,29.9,Banka Kartı,Mevcut,6.0,5.0,Hayır,0.346,244.41,2025,4,30,Wednesday
386,389,SIP100694,MUS1273,2025-01-26 18:20:00,İzmir,Ege,Ofis,Not Tutucu,4,127.82,0.15,49.9,Dijital Cüzdan,Mevcut,1.0,4.0,Evet,0.196,484.49,2025,1,26,Sunday
387,390,SIP101359,MUS1160,2025-02-10 20:14:00,İstanbul,Ege,Kozmetik,Yüz Temizleme Jeli,1,314.79,0.05,29.9,Kredi Kartı,Mevcut,2.0,4.0,Hayır,0.307,328.95,2025,2,10,Monday
388,391,SIP101199,MUS1071,2024-06-05 11:55:00,Antalya,Akdeniz,Kozmetik,Serum,1,546.23,0.15,29.9,Kredi Kartı,VIP,1.0,5.0,Evet,0.325,494.2,2024,6,5,Wednesday
389,392,SIP100620,MUS1243,2025-09-11 15:45:00,Kocaeli,Marmara,Ev Yaşam,Organizer,1,281.31,0.1,39.9,Banka Kartı,Yeni,5.0,3.0,Hayır,0.362,293.08,2025,9,11,Thursday
390,393,SIP101312,MUS1077,2025-04-26 12:39:00,İzmir,Ege,Spor,Suluk,1,206.17,0.05,59.9,Kredi Kartı,Mevcut,3.0,5.0,Hayır,0.193,255.76,2025,4,26,Saturday
391,394,SIP101389,MUS1228,2024-07-16 21:48:00,Adana,Akdeniz,Elektronik,Kablosuz Kulaklık,1,1491.08,0.0,49.9,Kredi Kartı,Mevcut,4.0,4.0,Evet,0.28,1540.98,2024,7,16,Tuesday
392,395,SIP100724,MUS1058,2024-08-12 15:49:00,Kayseri,İç Anadolu,Kozmetik,Serum,1,529.8,0.1,49.9,Banka Kartı,Yeni,4.0,5.0,Evet,0.3,526.72,2024,8,12,Monday
393,396,SIP100628,MUS1233,2025-12-13 16:08:00,Bursa,Marmara,Ev Yaşam,Organizer,2,275.93,0.0,29.9,Kredi Kartı,Yeni,2.0,4.0,Evet,0.294,581.76,2025,12,13,Saturday
394,397,SIP101374,MUS1378,2024-12-04 17:49:00,Kocaeli,Marmara,Kozmetik,Şampuan,2,199.74,0.0,49.9,Kapıda Ödeme,Mevcut,4.0,4.0,Hayır,0.416,449.38,2024,12,4,Wednesday
396,399,SIP101320,MUS1042,2025-11-12 10:38:00,Eskişehir,İç Anadolu,Kitap,Girişimcilik,1,208.14,0.0,49.9,Kredi Kartı,Yeni,6.0,3.0,Hayır,0.394,258.04,2025,11,12,Wednesday
397,400,SIP100017,MUS1158,2025-05-15 08:07:00,Eskişehir,İç Anadolu,Kozmetik,Güneş Kremi,4,448.48,0.1,39.9,Dijital Cüzdan,Mevcut,3.0,4.0,Hayır,0.248,1654.43,2025,5,15,Thursday
398,401,SIP101253,MUS1066,2024-05-23 17:58:00,Samsun,Karadeniz,Spor,Yoga Matı,4,780.96,0.15,29.9,Kredi Kartı,Yeni,5.0,4.0,Hayır,0.324,2685.16,2024,5,23,Thursday
399,402,SIP100857,MUS1315,2024-10-01 17:38:00,Bursa,Marmara,Spor,Direnç Bandı,1,224.53,0.0,59.9,Kredi Kartı,Mevcut,6.0,5.0,Hayır,0.278,284.43,2024,10,1,Tuesday
400,403,SIP101027,MUS1231,2024-07-09 19:08:00,İzmir,Ege,Ev Yaşam,Saklama Kutusu,1,239.92,0.0,39.9,Kredi Kartı,Yeni,1.0,4.0,Hayır,0.282,279.82,2024,7,9,Tuesday
401,404,SIP100141,MUS1301,2025-03-18 09:47:00,İstanbul,Marmara,Elektronik,Kablosuz Kulaklık,2,1466.22,0.15,49.9,Havale/EFT,Mevcut,3.0,5.0,Hayır,0.196,2542.47,2025,3,18,Tuesday
402,405,SIP101097,MUS1177,2025-02-02 10:07:00,İstanbul,Marmara,Spor,Spor Çantası,2,890.31,0.1,49.9,Dijital Cüzdan,Mevcut,4.0,3.0,Hayır,0.261,1652.46,2025,2,2,Sunday
403,406,SIP100817,MUS1401,2025-11-05 16:11:00,İstanbul,Marmara,Ofis,Mouse Pad,1,189.59,0.0,39.9,Banka Kartı,Yeni,5.0,4.0,Hayır,0.417,229.49,2025,11,5,Wednesday
404,407,SIP100767,MUS1135,2025-05-20 16:47:00,Ankara,İç Anadolu,Kozmetik,Güneş Kremi,4,473.37,0.05,0.0,Kredi Kartı,Yeni,3.0,4.0,Evet,0.238,1798.81,2025,5,20,Tuesday
405,408,SIP101171,MUS1220,2025-11-16 22:16:00,Kayseri,İç Anadolu,Kozmetik,Nemlendirici,2,360.03,0.1,49.9,Kredi Kartı,Yeni,1.0,4.0,Hayır,0.272,697.95,2025,11,16,Sunday
406,409,SIP101335,MUS1182,2024-09-26 09:55:00,İstanbul,Marmara,Spor,Direnç Bandı,3,264.88,0.0,0.0,Kredi Kartı,Yeni,4.0,5.0,Hayır,0.402,794.64,2024,9,26,Thursday
408,411,SIP101316,MUS1429,2025-09-13 15:42:00,Kayseri,İç Anadolu,Kozmetik,Yüz Temizleme Jeli,1,302.89,0.0,0.0,Banka Kartı,Mevcut,6.0,4.0,Hayır,0.199,302.89,2025,9,13,Saturday
409,412,SIP100208,MUS1213,2025-12-02 14:19:00,İstanbul,Karadeniz,Spor,Dambıl Seti,1,1696.04,0.1,29.9,Kredi Kartı,Mevcut,5.0,4.0,Hayır,0.296,1556.34,2025,12,2,Tuesday
412,415,SIP101190,MUS1322,2025-07-20 10:20:00,Antalya,Akdeniz,Spor,Suluk,5,207.63,0.0,39.9,Kredi Kartı,Yeni,2.0,5.0,Hayır,0.268,1078.05,2025,7,20,Sunday
413,416,SIP101212,MUS1049,2025-06-30 22:33:00,Kayseri,İç Anadolu,Spor,Yoga Matı,1,689.68,0.1,29.9,Kredi Kartı,Mevcut,3.0,5.0,Evet,0.394,650.61,2025,6,30,Monday
415,418,SIP100019,MUS1277,2025-07-16 10:16:00,İstanbul,Marmara,Kitap,Zaman Yönetimi,1,176.31,0.0,49.9,Banka Kartı,Mevcut,2.0,5.0,Hayır,0.268,226.21,2025,7,16,Wednesday
416,419,SIP100905,MUS1035,2024-08-08 10:52:00,Samsun,Karadeniz,Ofis,Mouse Pad,4,155.53,0.15,39.9,Havale/EFT,Yeni,4.0,5.0,Hayır,0.21,568.7,2024,8,8,Thursday
418,421,SIP100457,MUS1388,2025-02-06 11:29:00,Konya,İç Anadolu,Ev Yaşam,Termos,1,490.19,0.15,49.9,Kapıda Ödeme,Yeni,3.0,4.0,Hayır,0.192,466.56,2025,2,6,Thursday
419,422,SIP100318,MUS1072,2025-12-06 13:55:00,Mersin,Akdeniz,Ev Yaşam,Organizer,1,276.11,0.1,59.9,Havale/EFT,Mevcut,3.0,3.0,Hayır,0.338,308.4,2025,12,6,Saturday
420,423,SIP100650,MUS1274,2024-03-08 10:17:00,Antalya,Akdeniz,Ofis,Mouse Pad,2,179.2,0.0,0.0,Kapıda Ödeme,Yeni,4.0,5.0,Hayır,0.239,358.4,2024,3,8,Friday
421,424,SIP100482,MUS1407,2024-01-25 15:45:00,Konya,İç Anadolu,Elektronik,Bluetooth Hoparlör,1,1141.11,0.0,39.9,Kredi Kartı,Yeni,3.0,5.0,Evet,0.226,1181.01,2024,1,25,Thursday
422,425,SIP100114,MUS1347,2025-04-15 12:42:00,Ankara,İç Anadolu,Kitap,İş Analitiği Rehberi,3,276.98,0.0,39.9,Kredi Kartı,Mevcut,1.0,4.0,Hayır,0.265,870.84,2025,4,15,Tuesday
423,426,SIP100658,MUS1319,2025-03-27 18:07:00,Ankara,İç Anadolu,Kozmetik,Güneş Kremi,1,425.14,0.0,39.9,Kredi Kartı,Yeni,3.0,5.0,Hayır,0.386,465.04,2025,3,27,Thursday
424,427,SIP100616,MUS1430,2024-11-21 09:35:00,İstanbul,Marmara,Kozmetik,Nemlendirici,1,417.12,0.0,39.9,Banka Kartı,Mevcut,7.0,5.0,Hayır,0.326,457.02,2024,11,21,Thursday
425,428,SIP101168,MUS1397,2025-04-26 10:40:00,İzmir,Ege,Kozmetik,Nemlendirici,1,417.47,0.05,39.9,Kredi Kartı,Mevcut,1.0,4.0,Hayır,0.189,436.5,2025,4,26,Saturday
426,429,SIP101305,MUS1327,2025-04-18 08:28:00,Mersin,Akdeniz,Ev Yaşam,Kahve Kupası,5,192.89,0.1,49.9,Kredi Kartı,Yeni,5.0,4.0,Hayır,0.377,917.9,2025,4,18,Friday
429,432,SIP100674,MUS1151,2025-08-19 08:39:00,Gaziantep,Güneydoğu Anadolu,Ofis,Defter Seti,5,150.85,0.0,49.9,Dijital Cüzdan,Mevcut,5.0,5.0,Hayır,0.352,804.15,2025,8,19,Tuesday
430,433,SIP101369,MUS1241,2025-06-20 19:53:00,Gaziantep,Güneydoğu Anadolu,Ev Yaşam,Masa Lambası,1,708.97,0.05,39.9,Kredi Kartı,Yeni,2.0,3.0,Hayır,0.381,713.42,2025,6,20,Friday
432,435,SIP100370,MUS1144,2024-07-03 08:20:00,Bursa,Marmara,Spor,Suluk,2,187.39,0.05,39.9,Banka Kartı,Yeni,4.0,4.0,Hayır,0.41,395.94,2024,7,3,Wednesday
434,437,SIP100646,MUS1203,2025-06-02 16:20:00,Kocaeli,Marmara,Ofis,Mouse Pad,5,172.32,0.1,29.9,Havale/EFT,Yeni,1.0,4.0,Hayır,0.263,805.34,2025,6,2,Monday
436,439,SIP100276,MUS1360,2024-04-05 14:24:00,İstanbul,Marmara,Kitap,Veri Bilimi 101,2,237.76,0.05,59.9,Kredi Kartı,Mevcut,3.0,4.0,Hayır,0.349,511.64,2024,4,5,Friday
437,440,SIP100270,MUS1392,2025-06-20 08:53:00,İstanbul,Marmara,Kozmetik,Yüz Temizleme Jeli,2,321.31,0.15,39.9,Kapıda Ödeme,VIP,7.0,5.0,Hayır,0.332,586.13,2025,6,20,Friday
438,441,SIP100629,MUS1084,2025-04-10 09:16:00,Antalya,Akdeniz,Kitap,Python Notları,1,215.15,0.0,49.9,Kredi Kartı,Mevcut,6.0,4.0,Hayır,0.348,265.05,2025,4,10,Thursday
439,442,SIP100354,MUS1106,2024-01-02 20:42:00,Adana,Akdeniz,Elektronik,Webcam,2,917.75,0.15,49.9,Kredi Kartı,Mevcut,4.0,5.0,Hayır,0.387,1610.08,2024,1,2,Tuesday
440,443,SIP100847,MUS1253,2025-05-21 08:28:00,Adana,Akdeniz,Spor,Yoga Matı,2,653.69,0.2,39.9,Kredi Kartı,Mevcut,4.0,4.0,Hayır,0.321,1085.8,2025,5,21,Wednesday
441,444,SIP100326,MUS1440,2024-02-17 09:40:00,Kayseri,İç Anadolu,Ofis,Defter Seti,1,162.28,0.1,39.9,Havale/EFT,Mevcut,1.0,4.0,Hayır,0.253,185.95,2024,2,17,Saturday
442,445,SIP101274,MUS1417,2025-05-17 15:43:00,Antalya,Akdeniz,Ev Yaşam,Saklama Kutusu,1,245.61,0.2,29.9,Kredi Kartı,Yeni,6.0,5.0,Hayır,0.283,226.39,2025,5,17,Saturday
443,446,SIP101140,MUS1125,2025-04-16 10:53:00,İzmir,Ege,Ev Yaşam,Saklama Kutusu,3,225.4,0.1,39.9,Kapıda Ödeme,VIP,5.0,4.0,Hayır,0.251,648.48,2025,4,16,Wednesday
444,447,SIP100071,MUS1408,2024-04-14 19:49:00,İstanbul,Marmara,Kozmetik,Nemlendirici,1,373.27,0.0,39.9,Kredi Kartı,Mevcut,3.0,5.0,Hayır,0.331,413.17,2024,4,14,Sunday
445,448,SIP100571,MUS1022,2024-06-20 20:17:00,Konya,İç Anadolu,Ofis,Defter Seti,1,139.54,0.0,39.9,Banka Kartı,Mevcut,2.0,4.0,Hayır,0.342,179.44,2024,6,20,Thursday
446,449,SIP100047,MUS1198,2024-12-19 19:50:00,İstanbul,Marmara,Kozmetik,Şampuan,2,200.17,0.15,39.9,Kredi Kartı,Mevcut,3.0,5.0,Hayır,0.408,380.19,2024,12,19,Thursday
448,451,SIP100579,MUS1268,2024-06-06 17:18:00,Bursa,Marmara,Spor,Spor Çantası,1,883.19,0.05,49.9,Kredi Kartı,Mevcut,2.0,4.0,Hayır,0.27,888.93,2024,6,6,Thursday
449,452,SIP100398,MUS1204,2024-11-23 22:46:00,İstanbul,Marmara,Kozmetik,Güneş Kremi,3,435.92,0.1,49.9,Dijital Cüzdan,Yeni,6.0,5.0,Hayır,0.36,1226.88,2024,11,23,Saturday
450,453,SIP100862,MUS1403,2024-03-24 20:32:00,Ankara,İç Anadolu,Ofis,Kalem Seti,3,97.42,0.0,49.9,Kredi Kartı,Mevcut,3.0,4.0,Hayır,0.205,342.16,2024,3,24,Sunday
451,454,SIP100051,MUS1427,2025-11-24 19:57:00,İstanbul,Marmara,Kitap,Zaman Yönetimi,1,178.98,0.0,29.9,Kredi Kartı,Mevcut,5.0,5.0,Hayır,0.417,208.88,2025,11,24,Monday
452,455,SIP100409,MUS1177,2025-08-31 15:11:00,İstanbul,Marmara,Ofis,Not Tutucu,1,125.14,0.0,29.9,Dijital Cüzdan,Mevcut,3.0,4.0,Hayır,0.255,155.04,2025,8,31,Sunday
456,459,SIP100273,MUS1092,2024-01-18 16:52:00,Gaziantep,Güneydoğu Anadolu,Kozmetik,Güneş Kremi,2,411.99,0.0,0.0,Havale/EFT,Mevcut,3.0,3.0,Hayır,0.327,823.98,2024,1,18,Thursday
457,460,SIP101252,MUS1014,2025-03-13 15:26:00,Gaziantep,Güneydoğu Anadolu,Spor,Suluk,3,186.28,0.1,39.9,Dijital Cüzdan,Mevcut,3.0,3.0,Hayır,0.332,542.86,2025,3,13,Thursday
458,461,SIP100464,MUS1288,2025-05-30 16:44:00,İstanbul,Marmara,Kitap,Python Notları,3,230.76,0.0,39.9,Banka Kartı,Mevcut,2.0,3.0,Hayır,0.265,732.18,2025,5,30,Friday
460,463,SIP100970,MUS1207,2024-09-24 08:49:00,Konya,İç Anadolu,Ev Yaşam,Organizer,2,240.3,0.1,29.9,Kredi Kartı,Mevcut,1.0,4.0,Hayır,0.385,462.44,2024,9,24,Tuesday
461,464,SIP100856,MUS1103,2025-12-02 17:08:00,Ankara,İç Anadolu,Spor,Suluk,1,209.34,0.0,39.9,Kredi Kartı,Yeni,2.0,5.0,Hayır,0.327,249.24,2025,12,2,Tuesday
462,465,SIP100963,MUS1113,2025-08-18 14:40:00,Samsun,Karadeniz,Spor,Suluk,2,211.45,0.1,49.9,Dijital Cüzdan,Mevcut,2.0,3.0,Evet,0.345,430.51,2025,8,18,Monday
463,466,SIP100413,MUS1155,2025-03-09 22:24:00,Gaziantep,Güneydoğu Anadolu,Kitap,İş Analitiği Rehberi,1,269.38,0.2,0.0,Kapıda Ödeme,Mevcut,5.0,5.0,Hayır,0.322,215.5,2025,3,9,Sunday
464,467,SIP101260,MUS1420,2025-02-04 08:59:00,İstanbul,Marmara,Kozmetik,Şampuan,1,191.45,0.0,39.9,Kredi Kartı,Mevcut,3.0,5.0,Hayır,0.259,231.35,2025,2,4,Tuesday
465,468,SIP100159,MUS1324,2024-11-26 21:40:00,Adana,Akdeniz,Kozmetik,Serum,1,525.14,0.0,39.9,Kredi Kartı,Mevcut,5.0,5.0,Hayır,0.358,565.04,2024,11,26,Tuesday
466,469,SIP100305,MUS1102,2024-07-09 18:42:00,Kocaeli,Marmara,Kitap,Python Notları,1,220.22,0.0,39.9,Kredi Kartı,Yeni,3.0,5.0,Hayır,0.197,260.12,2024,7,9,Tuesday
467,470,SIP100006,MUS1041,2024-07-15 19:04:00,Eskişehir,İç Anadolu,Ofis,Kalem Seti,4,102.17,0.0,39.9,Kredi Kartı,Yeni,3.0,4.0,Hayır,0.224,448.58,2024,7,15,Monday
468,471,SIP101385,MUS1366,2025-10-25 20:34:00,İzmir,Ege,Ev Yaşam,Kahve Kupası,1,168.66,0.0,0.0,Kapıda Ödeme,Yeni,3.0,4.0,Evet,0.397,168.66,2025,10,25,Saturday
469,472,SIP100021,MUS1037,2024-03-06 13:01:00,İzmir,Ege,Ev Yaşam,Masa Lambası,1,678.97,0.0,39.9,Banka Kartı,Yeni,4.0,3.0,Hayır,0.346,718.87,2024,3,6,Wednesday
470,473,SIP101081,MUS1220,2024-07-06 15:22:00,Konya,İç Anadolu,Kitap,Zaman Yönetimi,2,171.45,0.15,39.9,Havale/EFT,Mevcut,4.0,5.0,Hayır,0.239,331.36,2024,7,6,Saturday
472,475,SIP100911,MUS1010,2025-05-02 16:57:00,Samsun,Karadeniz,Kozmetik,Nemlendirici,2,386.36,0.0,49.9,Kredi Kartı,Mevcut,4.0,5.0,Hayır,0.407,822.62,2025,5,2,Friday
473,476,SIP100183,MUS1404,2024-02-14 18:24:00,Antalya,Akdeniz,Spor,Direnç Bandı,3,244.65,0.05,49.9,Dijital Cüzdan,Yeni,2.0,3.0,Evet,0.223,747.15,2024,2,14,Wednesday
474,477,SIP100814,MUS1212,2025-02-24 13:55:00,Adana,Akdeniz,Ofis,Not Tutucu,5,123.13,0.2,39.9,Kapıda Ödeme,Yeni,2.0,4.0,Hayır,0.314,532.42,2025,2,24,Monday
475,478,SIP100475,MUS1048,2025-06-17 09:50:00,Ankara,İç Anadolu,Ev Yaşam,Masa Lambası,1,601.57,0.15,0.0,Kredi Kartı,Mevcut,3.0,5.0,Hayır,0.402,511.33,2025,6,17,Tuesday
476,479,SIP100566,MUS1037,2024-03-23 21:48:00,Bursa,Marmara,Elektronik,Webcam,2,883.29,0.1,49.9,Dijital Cüzdan,Mevcut,2.0,4.0,Hayır,0.29,1639.82,2024,3,23,Saturday
479,482,SIP100979,MUS1120,2024-01-28 10:12:00,Mersin,Akdeniz,Kozmetik,Şampuan,1,192.92,0.05,29.9,Kredi Kartı,VIP,6.0,5.0,Hayır,0.3,213.17,2024,1,28,Sunday
480,483,SIP100435,MUS1262,2024-10-03 17:38:00,İzmir,Ege,Elektronik,Powerbank,1,797.62,0.0,29.9,Havale/EFT,Mevcut,4.0,5.0,Hayır,0.36,827.52,2024,10,3,Thursday
481,484,SIP100604,MUS1379,2025-12-11 20:07:00,Mersin,Akdeniz,Elektronik,Webcam,2,1034.78,0.15,39.9,Kredi Kartı,Mevcut,1.0,4.0,Hayır,0.193,1799.03,2025,12,11,Thursday
483,486,SIP101058,MUS1207,2025-06-11 18:21:00,İstanbul,Marmara,Elektronik,Kablosuz Kulaklık,1,1547.62,0.0,29.9,Banka Kartı,VIP,6.0,3.0,Hayır,0.204,1577.52,2025,6,11,Wednesday
485,488,SIP100016,MUS1272,2024-07-22 10:23:00,Kayseri,İç Anadolu,Kozmetik,Serum,4,519.68,0.0,39.9,Havale/EFT,Mevcut,3.0,3.0,Hayır,0.261,2118.62,2024,7,22,Monday
486,489,SIP101147,MUS1317,2024-04-04 16:24:00,İzmir,Ege,Ev Yaşam,Saklama Kutusu,1,228.84,0.0,39.9,Dijital Cüzdan,Yeni,4.0,4.0,Hayır,0.299,268.74,2024,4,4,Thursday
487,490,SIP100477,MUS1319,2024-04-27 18:22:00,Mersin,Akdeniz,Kitap,Veri Bilimi 101,1,249.25,0.0,49.9,Kredi Kartı,VIP,4.0,4.0,Hayır,0.246,299.15,2024,4,27,Saturday
488,491,SIP100717,MUS1407,2024-11-28 09:43:00,Mersin,Akdeniz,Kitap,Zaman Yönetimi,1,162.58,0.05,29.9,Banka Kartı,Yeni,1.0,4.0,Hayır,0.365,184.35,2024,11,28,Thursday
489,492,SIP100755,MUS1013,2024-05-31 13:28:00,İstanbul,Marmara,Ofis,Mouse Pad,2,182.2,0.0,29.9,Banka Kartı,Yeni,3.0,5.0,Hayır,0.382,394.3,2024,5,31,Friday
490,493,SIP100586,MUS1308,2024-07-03 16:25:00,Adana,Akdeniz,Elektronik,Bluetooth Hoparlör,1,1148.26,0.0,49.9,Kredi Kartı,Mevcut,2.0,5.0,Hayır,0.347,1198.16,2024,7,3,Wednesday
491,494,SIP100805,MUS1200,2024-01-21 19:30:00,Antalya,Akdeniz,Spor,Suluk,1,190.29,0.1,39.9,Banka Kartı,VIP,4.0,4.0,Hayır,0.313,211.16,2024,1,21,Sunday
493,496,SIP101244,MUS1151,2025-09-30 16:42:00,Adana,Akdeniz,Kozmetik,Güneş Kremi,1,418.47,0.0,49.9,Kredi Kartı,Mevcut,2.0,4.0,Evet,0.415,468.37,2025,9,30,Tuesday
494,497,SIP100601,MUS1157,2025-01-09 13:12:00,İstanbul,Marmara,Spor,Direnç Bandı,1,260.59,0.05,39.9,Kredi Kartı,Mevcut,5.0,4.0,Evet,0.389,287.46,2025,1,9,Thursday
496,499,SIP100897,MUS1072,2024-12-24 12:18:00,Adana,Akdeniz,Kozmetik,Nemlendirici,1,380.36,0.0,29.9,Banka Kartı,Mevcut,3.0,3.0,Hayır,0.247,410.26,2024,12,24,Tuesday
497,500,SIP100024,MUS1331,2025-03-09 14:29:00,İstanbul,Marmara,Spor,Suluk,2,193.64,0.1,59.9,Kapıda Ödeme,Yeni,3.0,5.0,Hayır,0.367,408.45,2025,3,9,Sunday
498,501,SIP100821,MUS1141,2024-08-29 22:27:00,Mersin,Akdeniz,Kitap,Zaman Yönetimi,1,161.46,0.1,49.9,Kredi Kartı,Yeni,1.0,4.0,Hayır,0.366,195.21,2024,8,29,Thursday
499,502,SIP100189,MUS1422,2024-09-30 20:05:00,Adana,Akdeniz,Ofis,Kalem Seti,1,102.85,0.05,39.9,Havale/EFT,Yeni,5.0,4.0,Hayır,0.417,137.61,2024,9,30,Monday
500,503,SIP101189,MUS1324,2024-06-11 14:14:00,İstanbul,Marmara,Ofis,Kalem Seti,2,106.77,0.1,39.9,Kredi Kartı,Mevcut,5.0,5.0,Hayır,0.386,232.09,2024,6,11,Tuesday
501,504,SIP101011,MUS1218,2024-03-21 14:46:00,Samsun,Karadeniz,Ev Yaşam,Organizer,3,243.14,0.05,39.9,Kredi Kartı,Yeni,3.0,5.0,Hayır,0.328,732.85,2024,3,21,Thursday
502,505,SIP100995,MUS1194,2025-02-03 19:19:00,Konya,İç Anadolu,Kitap,Veri Bilimi 101,1,262.43,0.05,29.9,Kredi Kartı,Mevcut,6.0,5.0,Evet,0.331,279.21,2025,2,3,Monday
504,507,SIP100473,MUS1166,2024-09-18 08:21:00,Ankara,İç Anadolu,Ev Yaşam,Organizer,2,247.95,0.05,39.9,Kredi Kartı,VIP,3.0,4.0,Evet,0.362,511.0,2024,9,18,Wednesday
505,508,SIP100344,MUS1086,2024-06-16 15:22:00,İstanbul,Marmara,Ev Yaşam,Termos,3,491.29,0.15,0.0,Banka Kartı,Mevcut,6.0,4.0,Hayır,0.281,1252.79,2024,6,16,Sunday
506,509,SIP101224,MUS1352,2025-06-09 11:49:00,İzmir,Ege,Spor,Spor Çantası,1,994.7,0.0,59.9,Kredi Kartı,Yeni,4.0,4.0,Hayır,0.383,1054.6,2025,6,9,Monday
509,512,SIP101072,MUS1331,2025-07-02 11:04:00,Adana,Akdeniz,Kitap,Python Notları,3,237.8,0.0,49.9,Banka Kartı,Yeni,2.0,4.0,Hayır,0.316,763.3,2025,7,2,Wednesday
510,513,SIP100908,MUS1024,2025-11-11 17:26:00,Gaziantep,Güneydoğu Anadolu,Elektronik,Powerbank,1,809.98,0.05,49.9,Kredi Kartı,VIP,5.0,4.0,Hayır,0.327,819.38,2025,11,11,Tuesday
511,514,SIP100216,MUS1202,2024-10-13 21:39:00,İzmir,Ege,Spor,Spor Çantası,3,822.79,0.0,0.0,Havale/EFT,Yeni,3.0,4.0,Hayır,0.365,2468.37,2024,10,13,Sunday
512,515,SIP100110,MUS1117,2025-07-08 08:39:00,Antalya,Akdeniz,Ofis,Not Tutucu,2,129.38,0.0,59.9,Kredi Kartı,Mevcut,5.0,5.0,Hayır,0.306,318.66,2025,7,8,Tuesday
513,516,SIP100220,MUS1372,2024-12-05 18:07:00,Ankara,İç Anadolu,Elektronik,Webcam,2,956.77,0.0,29.9,Dijital Cüzdan,Mevcut,1.0,5.0,Hayır,0.335,1943.44,2024,12,5,Thursday
514,517,SIP101184,MUS1238,2024-04-27 11:54:00,Kocaeli,Marmara,Kozmetik,Şampuan,3,176.14,0.05,29.9,Kredi Kartı,Yeni,2.0,4.0,Hayır,0.304,531.9,2024,4,27,Saturday
516,519,SIP101307,MUS1317,2024-09-22 21:31:00,İzmir,Ege,Ofis,Mouse Pad,1,163.1,0.15,0.0,Kredi Kartı,Mevcut,3.0,4.0,Hayır,0.366,138.64,2024,9,22,Sunday
517,520,SIP100569,MUS1063,2024-11-26 10:40:00,Bursa,Marmara,Kitap,İş Analitiği Rehberi,3,256.43,0.0,49.9,Havale/EFT,Mevcut,3.0,3.0,Hayır,0.303,819.19,2024,11,26,Tuesday
518,521,SIP100028,MUS1339,2025-04-10 12:27:00,İstanbul,Marmara,Spor,Suluk,2,201.97,0.0,49.9,Havale/EFT,Mevcut,3.0,4.0,Hayır,0.186,453.84,2025,4,10,Thursday
519,522,SIP100231,MUS1349,2025-10-15 11:03:00,İstanbul,Marmara,Kozmetik,Nemlendirici,2,387.56,0.1,39.9,Kredi Kartı,Mevcut,5.0,5.0,Hayır,0.369,737.51,2025,10,15,Wednesday
520,523,SIP100507,MUS1083,2024-12-04 19:07:00,İstanbul,Marmara,Ev Yaşam,Kahve Kupası,1,190.82,0.0,39.9,Kredi Kartı,Mevcut,5.0,5.0,Hayır,0.32,230.72,2024,12,4,Wednesday
522,525,SIP100053,MUS1420,2025-11-05 09:18:00,İstanbul,Marmara,Spor,Dambıl Seti,1,1428.43,0.05,29.9,Kredi Kartı,Mevcut,5.0,4.0,Hayır,0.411,1386.91,2025,11,5,Wednesday
523,526,SIP101200,MUS1334,2024-10-01 12:30:00,İstanbul,Marmara,Kitap,Python Notları,2,207.27,0.0,0.0,Kredi Kartı,Yeni,3.0,5.0,Hayır,0.394,414.54,2024,10,1,Tuesday
524,527,SIP100839,MUS1352,2024-03-28 08:30:00,İzmir,Ege,Kitap,Zaman Yönetimi,3,167.22,0.0,0.0,Kredi Kartı,Yeni,1.0,3.0,Hayır,0.382,501.66,2024,3,28,Thursday
525,528,SIP100613,MUS1079,2025-11-25 17:55:00,İstanbul,Marmara,Spor,Spor Çantası,1,971.66,0.0,39.9,Banka Kartı,Yeni,3.0,4.0,Hayır,0.317,1011.56,2025,11,25,Tuesday
526,529,SIP100197,MUS1342,2025-12-31 15:05:00,Kayseri,İç Anadolu,Spor,Dambıl Seti,1,1708.32,0.05,29.9,Kapıda Ödeme,VIP,2.0,4.0,Hayır,0.201,1738.22,2025,12,31,Wednesday
527,530,SIP100690,MUS1075,2025-05-11 10:51:00,İstanbul,Marmara,Kitap,Python Notları,4,221.53,0.1,39.9,Banka Kartı,Yeni,4.0,5.0,Hayır,0.344,837.41,2025,5,11,Sunday
528,531,SIP101156,MUS1394,2024-06-13 16:33:00,Ankara,İç Anadolu,Ev Yaşam,Masa Lambası,1,684.55,0.0,39.9,Dijital Cüzdan,Mevcut,3.0,5.0,Hayır,0.394,724.45,2024,6,13,Thursday
529,532,SIP101062,MUS1331,2025-12-11 19:06:00,Trabzon,Karadeniz,Spor,Suluk,1,212.42,0.1,39.9,Havale/EFT,Yeni,1.0,3.0,Hayır,0.386,231.08,2025,12,11,Thursday
530,533,SIP100065,MUS1195,2024-03-26 18:27:00,Antalya,Akdeniz,Kitap,Veri Bilimi 101,2,267.93,0.0,29.9,Kredi Kartı,Mevcut,6.0,4.0,Evet,0.213,565.76,2024,3,26,Tuesday
531,534,SIP100580,MUS1293,2024-07-01 21:02:00,Konya,İç Anadolu,Elektronik,Bluetooth Hoparlör,1,1172.82,0.1,29.9,Kredi Kartı,Mevcut,2.0,4.0,Hayır,0.301,1085.44,2024,7,1,Monday
532,535,SIP100070,MUS1367,2024-01-27 22:19:00,Trabzon,Karadeniz,Elektronik,Powerbank,1,729.48,0.0,39.9,Banka Kartı,VIP,3.0,3.0,Hayır,0.201,769.38,2024,1,27,Saturday
534,537,SIP100939,MUS1122,2025-04-29 11:21:00,Kayseri,İç Anadolu,Ev Yaşam,Termos,1,483.8,0.0,39.9,Kapıda Ödeme,Mevcut,3.0,4.0,Hayır,0.289,523.7,2025,4,29,Tuesday
536,539,SIP100268,MUS1251,2025-05-26 16:41:00,Ankara,İç Anadolu,Kozmetik,Nemlendirici,5,405.35,0.0,59.9,Dijital Cüzdan,Yeni,2.0,5.0,Hayır,0.208,2086.65,2025,5,26,Monday
537,540,SIP101325,MUS1231,2024-03-16 19:58:00,İstanbul,İç Anadolu,Elektronik,Kablosuz Kulaklık,1,1478.11,0.0,59.9,Kredi Kartı,Mevcut,3.0,5.0,Hayır,0.314,1538.01,2024,3,16,Saturday
538,541,SIP100139,MUS1213,2025-03-16 15:56:00,Konya,İç Anadolu,Kozmetik,Nemlendirici,3,362.07,0.0,49.9,Kredi Kartı,Yeni,3.0,4.0,Hayır,0.332,1136.11,2025,3,16,Sunday
539,542,SIP100219,MUS1289,2024-11-02 17:21:00,Ankara,İç Anadolu,Spor,Spor Çantası,3,897.59,0.0,0.0,Kredi Kartı,Mevcut,2.0,4.0,Hayır,0.285,2692.77,2024,11,2,Saturday
541,544,SIP100358,MUS1395,2024-11-21 15:17:00,İzmir,Ege,Kitap,İş Analitiği Rehberi,5,267.71,0.1,59.9,Kredi Kartı,VIP,2.0,3.0,Hayır,0.372,1264.6,2024,11,21,Thursday
542,545,SIP100484,MUS1024,2025-07-01 08:41:00,İstanbul,Marmara,Kitap,Veri Bilimi 101,3,274.31,0.0,29.9,Havale/EFT,Yeni,1.0,5.0,Hayır,0.267,852.83,2025,7,1,Tuesday
543,546,SIP100943,MUS1220,2025-09-05 20:42:00,Konya,İç Anadolu,Spor,Dambıl Seti,1,1518.37,0.15,39.9,Banka Kartı,Mevcut,1.0,4.0,Hayır,0.241,1330.51,2025,9,5,Friday
544,547,SIP100236,MUS1099,2025-06-20 15:56:00,İzmir,Ege,Kitap,Girişimcilik,2,224.01,0.0,49.9,Dijital Cüzdan,Mevcut,4.0,4.0,Hayır,0.296,497.92,2025,6,20,Friday
546,549,SIP100987,MUS1342,2024-09-02 22:55:00,İstanbul,Marmara,Kitap,Veri Bilimi 101,1,252.58,0.0,49.9,Kredi Kartı,VIP,3.0,4.0,Hayır,0.333,302.48,2024,9,2,Monday
547,550,SIP101130,MUS1352,2024-05-30 13:41:00,İstanbul,Marmara,Spor,Direnç Bandı,3,262.05,0.1,59.9,Kredi Kartı,VIP,3.0,5.0,Hayır,0.386,767.44,2024,5,30,Thursday
548,551,SIP100917,MUS1034,2025-05-31 14:07:00,Antalya,Akdeniz,Spor,Spor Çantası,1,966.0,0.15,29.9,Kredi Kartı,Yeni,5.0,3.0,Hayır,0.319,851.0,2025,5,31,Saturday
549,552,SIP100962,MUS1367,2025-06-15 15:11:00,Gaziantep,Güneydoğu Anadolu,Ofis,Not Tutucu,1,140.18,0.2,49.9,Kredi Kartı,Mevcut,2.0,3.0,Hayır,0.397,162.04,2025,6,15,Sunday
552,555,SIP100333,MUS1072,2025-02-25 17:43:00,İstanbul,Marmara,Kitap,Python Notları,2,203.96,0.0,39.9,Kredi Kartı,Yeni,4.0,3.0,Hayır,0.411,447.82,2025,2,25,Tuesday
553,556,SIP100884,MUS1104,2024-04-11 10:41:00,Adana,Akdeniz,Kozmetik,Şampuan,2,196.81,0.0,29.9,Kredi Kartı,Mevcut,6.0,3.0,Hayır,0.357,423.52,2024,4,11,Thursday
554,557,SIP100860,MUS1025,2025-12-01 22:19:00,Bursa,Marmara,Ev Yaşam,Masa Lambası,4,643.68,0.1,29.9,Kapıda Ödeme,Mevcut,3.0,4.0,Hayır,0.357,2347.15,2025,12,1,Monday
555,558,SIP100649,MUS1107,2025-06-17 12:36:00,Kocaeli,Marmara,Spor,Yoga Matı,2,702.37,0.05,59.9,Havale/EFT,Yeni,6.0,4.0,Hayır,0.202,1394.4,2025,6,17,Tuesday
557,560,SIP100259,MUS1435,2025-02-22 10:19:00,Bursa,Marmara,Kitap,Zaman Yönetimi,2,160.23,0.0,49.9,Kredi Kartı,Mevcut,3.0,5.0,Hayır,0.247,370.36,2025,2,22,Saturday
558,561,SIP100676,MUS1109,2025-02-07 18:20:00,İstanbul,Marmara,Spor,Spor Çantası,2,901.54,0.1,39.9,Havale/EFT,Mevcut,4.0,4.0,Hayır,0.381,1662.67,2025,2,7,Friday
559,562,SIP101109,MUS1176,2024-07-16 19:28:00,İstanbul,Marmara,Kitap,Python Notları,1,215.88,0.0,39.9,Dijital Cüzdan,Yeni,2.0,5.0,Hayır,0.315,255.78,2024,7,16,Tuesday
560,563,SIP100785,MUS1095,2024-08-07 22:32:00,Antalya,Akdeniz,Kitap,Veri Bilimi 101,2,228.04,0.1,49.9,Kapıda Ödeme,Mevcut,3.0,5.0,Hayır,0.383,460.37,2024,8,7,Wednesday
561,564,SIP101309,MUS1368,2024-09-22 12:01:00,Antalya,Akdeniz,Ev Yaşam,Termos,4,487.55,0.0,39.9,Banka Kartı,Mevcut,4.0,4.0,Hayır,0.186,1990.1,2024,9,22,Sunday
562,565,SIP100873,MUS1332,2024-03-03 16:01:00,Eskişehir,İç Anadolu,Spor,Dambıl Seti,1,1480.01,0.05,49.9,Kredi Kartı,Yeni,4.0,4.0,Evet,0.377,1455.91,2024,3,3,Sunday
564,567,SIP100553,MUS1281,2024-08-03 10:25:00,Samsun,Karadeniz,Kitap,Veri Bilimi 101,3,246.02,0.0,29.9,Kredi Kartı,Yeni,3.0,4.0,Hayır,0.36,767.96,2024,8,3,Saturday
566,569,SIP100073,MUS1091,2025-03-19 13:40:00,İzmir,Ege,Spor,Yoga Matı,1,675.44,0.05,49.9,Dijital Cüzdan,Mevcut,3.0,5.0,Hayır,0.189,691.57,2025,3,19,Wednesday
568,571,SIP100085,MUS1061,2024-06-04 10:51:00,Antalya,Akdeniz,Kitap,Veri Bilimi 101,1,280.61,0.0,29.9,Banka Kartı,Yeni,4.0,5.0,Hayır,0.214,310.51,2024,6,4,Tuesday
570,573,SIP100726,MUS1276,2025-09-23 20:56:00,İstanbul,Marmara,Ofis,Mouse Pad,1,158.89,0.15,29.9,Havale/EFT,Yeni,2.0,5.0,Hayır,0.204,164.96,2025,9,23,Tuesday
571,574,SIP101105,MUS1144,2024-02-11 08:03:00,Ankara,İç Anadolu,Elektronik,Bluetooth Hoparlör,2,1190.43,0.05,39.9,Banka Kartı,Yeni,6.0,4.0,Hayır,0.265,2301.72,2024,2,11,Sunday
572,575,SIP100998,MUS1203,2024-11-30 13:35:00,İstanbul,Marmara,Kozmetik,Yüz Temizleme Jeli,5,330.05,0.0,29.9,Banka Kartı,Mevcut,6.0,5.0,Hayır,0.185,1680.15,2024,11,30,Saturday
573,576,SIP101055,MUS1248,2025-12-27 12:29:00,Ankara,İç Anadolu,Kozmetik,Yüz Temizleme Jeli,4,300.01,0.1,39.9,Banka Kartı,Mevcut,5.0,5.0,Hayır,0.277,1119.94,2025,12,27,Saturday
574,577,SIP101251,MUS1351,2025-03-23 09:08:00,Bursa,Marmara,Ev Yaşam,Kahve Kupası,4,179.51,0.15,39.9,Banka Kartı,Mevcut,7.0,5.0,Hayır,0.206,650.23,2025,3,23,Sunday
575,578,SIP101270,MUS1256,2024-02-16 08:54:00,Antalya,Akdeniz,Spor,Yoga Matı,2,643.02,0.0,29.9,Havale/EFT,Yeni,2.0,5.0,Hayır,0.256,1315.94,2024,2,16,Friday
576,579,SIP100618,MUS1314,2024-06-04 20:12:00,Eskişehir,İç Anadolu,Kitap,İş Analitiği Rehberi,1,270.73,0.1,0.0,Kredi Kartı,Yeni,3.0,4.0,Hayır,0.21,243.66,2024,6,4,Tuesday
577,580,SIP100369,MUS1290,2025-01-26 20:45:00,Trabzon,Karadeniz,Kozmetik,Yüz Temizleme Jeli,1,301.15,0.15,0.0,Kredi Kartı,Mevcut,3.0,4.0,Hayır,0.348,255.98,2025,1,26,Sunday
579,582,SIP100278,MUS1144,2025-12-09 22:36:00,Eskişehir,İç Anadolu,Ev Yaşam,Masa Lambası,1,758.95,0.1,29.9,Kredi Kartı,Yeni,3.0,5.0,Evet,0.192,712.96,2025,12,9,Tuesday
580,583,SIP100641,MUS1362,2025-10-06 16:05:00,Konya,İç Anadolu,Elektronik,Powerbank,1,779.14,0.05,29.9,Kredi Kartı,Mevcut,3.0,4.0,Hayır,0.242,770.08,2025,10,6,Monday
581,584,SIP101360,MUS1043,2024-04-07 16:10:00,Ankara,İç Anadolu,Kitap,Veri Bilimi 101,4,241.89,0.0,59.9,Kredi Kartı,VIP,4.0,3.0,Hayır,0.282,1027.46,2024,4,7,Sunday
582,585,SIP100619,MUS1353,2025-09-19 11:38:00,Konya,İç Anadolu,Kozmetik,Serum,2,537.39,0.15,49.9,Kredi Kartı,Mevcut,4.0,3.0,Hayır,0.254,963.46,2025,9,19,Friday
583,586,SIP101205,MUS1220,2025-10-22 16:22:00,Antalya,Akdeniz,Ofis,Kalem Seti,2,100.25,0.05,49.9,Kredi Kartı,Yeni,3.0,3.0,Hayır,0.196,240.38,2025,10,22,Wednesday
584,587,SIP100572,MUS1047,2025-12-05 17:09:00,Antalya,Akdeniz,Kitap,Zaman Yönetimi,2,184.54,0.0,49.9,Kredi Kartı,Yeni,5.0,4.0,Hayır,0.417,418.98,2025,12,5,Friday
585,588,SIP101088,MUS1174,2024-12-27 08:27:00,İstanbul,Marmara,Ev Yaşam,Organizer,5,268.14,0.15,39.9,Kredi Kartı,Yeni,3.0,5.0,Hayır,0.285,1179.49,2024,12,27,Friday
586,589,SIP101331,MUS1311,2025-05-13 15:14:00,İstanbul,Marmara,Ofis,Mouse Pad,2,168.21,0.0,29.9,Dijital Cüzdan,Yeni,4.0,5.0,Hayır,0.342,366.32,2025,5,13,Tuesday
587,590,SIP100133,MUS1090,2024-05-14 08:22:00,İstanbul,Marmara,Kitap,Veri Bilimi 101,1,259.29,0.2,59.9,Havale/EFT,Yeni,4.0,4.0,Hayır,0.201,267.33,2024,5,14,Tuesday
588,591,SIP100092,MUS1021,2025-12-17 14:17:00,İzmir,Ege,Spor,Suluk,3,218.23,0.1,49.9,Kredi Kartı,Mevcut,3.0,4.0,Evet,0.263,639.12,2025,12,17,Wednesday
589,592,SIP101298,MUS1017,2024-07-29 14:11:00,İzmir,Ege,Elektronik,Bluetooth Hoparlör,1,1211.04,0.0,49.9,Banka Kartı,Mevcut,1.0,4.0,Hayır,0.385,1260.94,2024,7,29,Monday
591,594,SIP100980,MUS1211,2025-04-10 08:23:00,Ankara,İç Anadolu,Kozmetik,Yüz Temizleme Jeli,1,321.51,0.0,39.9,Kredi Kartı,Yeni,3.0,5.0,Hayır,0.238,361.41,2025,4,10,Thursday
593,596,SIP100345,MUS1033,2024-04-30 20:57:00,İzmir,Ege,Kitap,İş Analitiği Rehberi,3,281.15,0.0,49.9,Kredi Kartı,Mevcut,2.0,5.0,Hayır,0.23,893.35,2024,4,30,Tuesday
594,597,SIP101237,MUS1181,2025-07-12 12:42:00,Ankara,İç Anadolu,Spor,Suluk,1,212.69,0.1,29.9,Kredi Kartı,Mevcut,3.0,4.0,Evet,0.387,221.32,2025,7,12,Saturday
595,598,SIP100737,MUS1083,2024-10-29 11:41:00,Samsun,Karadeniz,Ev Yaşam,Saklama Kutusu,5,244.53,0.05,39.9,Dijital Cüzdan,Yeni,5.0,5.0,Hayır,0.244,1201.42,2024,10,29,Tuesday
596,599,SIP100611,MUS1416,2024-12-29 18:19:00,İstanbul,Marmara,Kitap,İş Analitiği Rehberi,2,275.54,0.0,29.9,Kredi Kartı,VIP,2.0,4.0,Hayır,0.364,580.98,2024,12,29,Sunday
597,600,SIP100426,MUS1315,2025-08-13 20:10:00,İzmir,Ege,Ev Yaşam,Masa Lambası,1,674.3,0.0,49.9,Kredi Kartı,Mevcut,3.0,4.0,Evet,0.297,724.2,2025,8,13,Wednesday
600,603,SIP101375,MUS1412,2024-08-02 10:00:00,Kayseri,İç Anadolu,Kitap,Zaman Yönetimi,1,182.28,0.0,49.9,Havale/EFT,VIP,5.0,4.0,Hayır,0.359,232.18,2024,8,2,Friday
601,604,SIP100624,MUS1056,2025-08-31 16:33:00,İzmir,Ege,Kitap,Girişimcilik,4,224.8,0.1,39.9,Banka Kartı,Mevcut,4.0,5.0,Evet,0.246,849.18,2025,8,31,Sunday
602,605,SIP100895,MUS1064,2024-09-22 18:32:00,İstanbul,Marmara,Elektronik,Webcam,1,929.18,0.05,39.9,Kredi Kartı,Yeni,2.0,5.0,Hayır,0.274,922.62,2024,9,22,Sunday
603,606,SIP100107,MUS1433,2024-02-07 10:32:00,Konya,İç Anadolu,Ev Yaşam,Kahve Kupası,1,165.14,0.05,39.9,Dijital Cüzdan,Yeni,1.0,4.0,Hayır,0.322,196.78,2024,2,7,Wednesday
605,608,SIP100638,MUS1019,2025-08-09 20:35:00,Adana,Akdeniz,Kitap,Girişimcilik,1,194.12,0.1,59.9,Kredi Kartı,Mevcut,2.0,4.0,Hayır,0.309,234.61,2025,8,9,Saturday
606,610,SIP101166,MUS1222,2024-03-28 10:46:00,Antalya,Akdeniz,Spor,Yoga Matı,2,655.05,0.0,49.9,Kredi Kartı,VIP,3.0,5.0,Hayır,0.307,1360.0,2024,3,28,Thursday
608,612,SIP100376,MUS1012,2024-12-14 19:11:00,Eskişehir,İç Anadolu,Ev Yaşam,Masa Lambası,3,627.54,0.0,0.0,Dijital Cüzdan,Mevcut,4.0,4.0,Hayır,0.309,1882.62,2024,12,14,Saturday
609,614,SIP100027,MUS1195,2025-02-20 15:30:00,Samsun,Karadeniz,Ev Yaşam,Masa Lambası,2,616.19,0.0,39.9,Kredi Kartı,Mevcut,5.0,5.0,Evet,0.371,1272.28,2025,2,20,Thursday
610,615,SIP101114,MUS1112,2025-02-03 14:38:00,Gaziantep,Güneydoğu Anadolu,Spor,Spor Çantası,1,849.87,0.05,59.9,Kredi Kartı,Yeni,4.0,5.0,Hayır,0.211,867.28,2025,2,3,Monday
611,616,SIP101259,MUS1243,2024-06-05 17:56:00,İstanbul,Marmara,Elektronik,Kablosuz Kulaklık,2,1562.22,0.1,39.9,Kredi Kartı,Yeni,4.0,5.0,Hayır,0.347,2851.9,2024,6,5,Wednesday
612,617,SIP100803,MUS1353,2024-02-27 18:15:00,Trabzon,Karadeniz,Spor,Suluk,1,187.7,0.0,39.9,Kredi Kartı,Mevcut,2.0,4.0,Hayır,0.317,227.6,2024,2,27,Tuesday
613,618,SIP101356,MUS1336,2025-06-08 19:01:00,Ankara,İç Anadolu,Ofis,Not Tutucu,4,130.51,0.0,39.9,Kredi Kartı,Mevcut,1.0,3.0,Hayır,0.35,561.94,2025,6,8,Sunday
615,620,SIP101007,MUS1434,2025-06-17 20:26:00,İstanbul,Marmara,Ofis,Defter Seti,4,158.92,0.05,49.9,Banka Kartı,Yeni,5.0,4.0,Evet,0.406,653.8,2025,6,17,Tuesday
616,621,SIP100233,MUS1274,2024-10-19 18:03:00,Gaziantep,Güneydoğu Anadolu,Ofis,Mouse Pad,2,187.74,0.15,49.9,Dijital Cüzdan,Yeni,6.0,5.0,Hayır,0.208,369.06,2024,10,19,Saturday
617,622,SIP101330,MUS1146,2025-03-16 16:17:00,Mersin,Akdeniz,Kitap,Python Notları,2,222.56,0.15,49.9,Banka Kartı,Mevcut,5.0,4.0,Hayır,0.315,428.25,2025,3,16,Sunday
618,623,SIP101242,MUS1063,2024-11-12 11:02:00,İzmir,Ege,Spor,Suluk,1,219.55,0.05,59.9,Banka Kartı,Mevcut,2.0,4.0,Hayır,0.283,268.47,2024,11,12,Tuesday
619,624,SIP100567,MUS1128,2024-09-13 21:24:00,Antalya,Akdeniz,Ev Yaşam,Masa Lambası,1,669.96,0.0,49.9,Kapıda Ödeme,Yeni,3.0,5.0,Hayır,0.263,719.86,2024,9,13,Friday
620,625,SIP101057,MUS1243,2025-01-20 14:43:00,Antalya,Akdeniz,Kitap,Python Notları,1,225.63,0.0,29.9,Kapıda Ödeme,VIP,6.0,4.0,Hayır,0.284,255.53,2025,1,20,Monday
621,626,SIP100985,MUS1436,2025-12-18 21:45:00,Konya,İç Anadolu,Spor,Suluk,2,203.15,0.15,49.9,Havale/EFT,Mevcut,4.0,4.0,Hayır,0.277,395.26,2025,12,18,Thursday
622,627,SIP101054,MUS1068,2024-10-16 19:59:00,İstanbul,Marmara,Kitap,İş Analitiği Rehberi,1,282.1,0.15,59.9,Kredi Kartı,Mevcut,3.0,4.0,Hayır,0.346,299.68,2024,10,16,Wednesday
626,631,SIP101263,MUS1214,2025-01-11 18:17:00,Adana,Akdeniz,Kozmetik,Şampuan,2,205.82,0.2,39.9,Kredi Kartı,Mevcut,2.0,5.0,Hayır,0.294,369.21,2025,1,11,Saturday
627,632,SIP100365,MUS1237,2024-04-04 22:54:00,Eskişehir,İç Anadolu,Spor,Dambıl Seti,1,1473.27,0.0,49.9,Kapıda Ödeme,Yeni,2.0,4.0,Evet,0.275,1523.17,2024,4,4,Thursday
628,633,SIP100284,MUS1325,2024-09-09 19:04:00,İstanbul,Ege,Kozmetik,Güneş Kremi,3,455.24,0.1,39.9,Kredi Kartı,Yeni,4.0,4.0,Hayır,0.369,1269.05,2024,9,9,Monday
629,634,SIP100721,MUS1123,2025-12-09 10:13:00,Eskişehir,İç Anadolu,Spor,Direnç Bandı,5,224.82,0.0,49.9,Kredi Kartı,Yeni,4.0,5.0,Hayır,0.183,1174.0,2025,12,9,Tuesday
631,636,SIP100079,MUS1360,2025-07-20 16:22:00,Adana,Akdeniz,Ofis,Not Tutucu,1,123.3,0.15,29.9,Kredi Kartı,Mevcut,1.0,5.0,Hayır,0.207,134.7,2025,7,20,Sunday
632,638,SIP100502,MUS1333,2025-01-04 14:30:00,İstanbul,Marmara,Ev Yaşam,Organizer,5,276.47,0.0,39.9,Dijital Cüzdan,VIP,4.0,4.0,Evet,0.341,1422.25,2025,1,4,Saturday
633,639,SIP101378,MUS1110,2024-11-15 21:33:00,İzmir,Ege,Spor,Suluk,2,207.21,0.1,49.9,Kredi Kartı,Yeni,3.0,4.0,Hayır,0.311,422.88,2024,11,15,Friday
634,640,SIP100823,MUS1311,2024-05-28 13:30:00,Bursa,Marmara,Ev Yaşam,Saklama Kutusu,3,234.46,0.05,0.0,Havale/EFT,Mevcut,3.0,3.0,Evet,0.342,668.21,2024,5,28,Tuesday
635,641,SIP100528,MUS1282,2025-08-23 11:33:00,Ankara,İç Anadolu,Spor,Direnç Bandı,1,228.48,0.0,49.9,Kredi Kartı,Mevcut,4.0,5.0,Hayır,0.191,278.38,2025,8,23,Saturday
638,644,SIP100713,MUS1037,2025-04-14 18:55:00,İstanbul,Marmara,Kitap,Girişimcilik,5,196.65,0.05,29.9,Dijital Cüzdan,Yeni,1.0,5.0,Hayır,0.366,963.99,2025,4,14,Monday
639,645,SIP100500,MUS1447,2025-06-10 10:28:00,Trabzon,Karadeniz,Kozmetik,Nemlendirici,3,422.87,0.05,29.9,Kredi Kartı,Mevcut,2.0,4.0,Hayır,0.271,1235.08,2025,6,10,Tuesday
641,647,SIP100495,MUS1424,2025-07-18 09:11:00,İstanbul,Ege,Ofis,Not Tutucu,2,139.55,0.0,29.9,Banka Kartı,Yeni,2.0,4.0,Hayır,0.347,309.0,2025,7,18,Friday
642,648,SIP100851,MUS1338,2024-04-18 21:20:00,İstanbul,Marmara,Ofis,Kalem Seti,3,104.25,0.15,0.0,Kredi Kartı,Yeni,6.0,5.0,Hayır,0.211,265.84,2024,4,18,Thursday
643,649,SIP100038,MUS1327,2025-10-11 14:53:00,Ankara,İç Anadolu,Elektronik,Kablosuz Kulaklık,1,1572.08,0.1,39.9,Kredi Kartı,Yeni,6.0,5.0,Hayır,0.357,1454.77,2025,10,11,Saturday
645,652,SIP101124,MUS1207,2024-07-11 09:09:00,Mersin,Akdeniz,Kitap,Girişimcilik,2,227.67,0.15,49.9,Kredi Kartı,Yeni,1.0,5.0,Hayır,0.204,436.94,2024,7,11,Thursday
646,653,SIP100670,MUS1208,2025-09-02 15:20:00,Mersin,Akdeniz,Elektronik,Powerbank,2,860.27,0.0,39.9,Banka Kartı,Mevcut,4.0,5.0,Hayır,0.186,1760.44,2025,9,2,Tuesday
647,654,SIP100647,MUS1243,2024-06-28 11:21:00,Gaziantep,Güneydoğu Anadolu,Kozmetik,Yüz Temizleme Jeli,2,315.59,0.1,49.9,Kapıda Ödeme,VIP,5.0,3.0,Hayır,0.234,617.96,2024,6,28,Friday
649,656,SIP100880,MUS1175,2024-04-26 17:14:00,Mersin,Akdeniz,Ofis,Not Tutucu,3,123.63,0.0,39.9,Kredi Kartı,Yeni,4.0,3.0,Hayır,0.415,410.79,2024,4,26,Friday
650,657,SIP100833,MUS1046,2024-01-22 08:59:00,İzmir,Ege,Kozmetik,Nemlendirici,1,388.23,0.0,39.9,Banka Kartı,Mevcut,3.0,5.0,Hayır,0.328,428.13,2024,1,22,Monday
651,658,SIP100126,MUS1276,2024-02-16 08:19:00,Konya,İç Anadolu,Elektronik,Bluetooth Hoparlör,2,1343.4,0.1,39.9,Dijital Cüzdan,Yeni,2.0,4.0,Hayır,0.357,2458.02,2024,2,16,Friday
652,659,SIP100775,MUS1426,2024-12-14 22:58:00,İzmir,Ege,Spor,Direnç Bandı,1,245.12,0.0,0.0,Kredi Kartı,Yeni,2.0,5.0,Hayır,0.353,245.12,2024,12,14,Saturday
653,660,SIP100924,MUS1165,2025-10-12 12:48:00,Samsun,Karadeniz,Ofis,Mouse Pad,1,173.16,0.1,49.9,Havale/EFT,Yeni,2.0,5.0,Hayır,0.341,205.74,2025,10,12,Sunday
654,661,SIP100385,MUS1232,2025-05-05 20:55:00,Ankara,İç Anadolu,Spor,Yoga Matı,1,678.97,0.1,39.9,Banka Kartı,Mevcut,3.0,4.0,Hayır,0.2,650.97,2025,5,5,Monday
656,663,SIP100162,MUS1231,2025-10-29 11:20:00,Eskişehir,İç Anadolu,Spor,Spor Çantası,1,936.13,0.1,29.9,Banka Kartı,Mevcut,2.0,5.0,Hayır,0.398,872.42,2025,10,29,Wednesday
657,664,SIP101036,MUS1228,2025-10-10 13:55:00,Trabzon,Karadeniz,Ofis,Defter Seti,2,165.43,0.0,39.9,Kredi Kartı,Mevcut,4.0,4.0,Hayır,0.273,370.76,2025,10,10,Friday
659,666,SIP100875,MUS1309,2025-03-24 11:32:00,Gaziantep,Güneydoğu Anadolu,Spor,Suluk,1,217.61,0.15,39.9,Kredi Kartı,VIP,3.0,4.0,Hayır,0.192,224.87,2025,3,24,Monday
660,667,SIP100374,MUS1278,2024-05-25 17:12:00,Ankara,İç Anadolu,Kozmetik,Serum,1,503.4,0.0,39.9,Kapıda Ödeme,Mevcut,4.0,5.0,Hayır,0.326,543.3,2024,5,25,Saturday
661,668,SIP100442,MUS1140,2025-01-16 21:21:00,Samsun,Karadeniz,Ofis,Defter Seti,1,144.28,0.1,39.9,Kredi Kartı,Mevcut,2.0,5.0,Hayır,0.316,169.75,2025,1,16,Thursday
663,670,SIP100818,MUS1344,2025-09-08 12:55:00,İstanbul,Marmara,Elektronik,Webcam,1,894.96,0.05,39.9,Kredi Kartı,VIP,2.0,5.0,Hayır,0.39,890.11,2025,9,8,Monday
664,671,SIP101213,MUS1253,2024-10-08 13:48:00,Mersin,Akdeniz,Spor,Suluk,2,187.61,0.2,59.9,Kredi Kartı,Yeni,4.0,4.0,Hayır,0.394,360.08,2024,10,8,Tuesday
665,672,SIP100640,MUS1108,2025-12-12 21:17:00,Ankara,İç Anadolu,Ev Yaşam,Termos,2,534.23,0.0,49.9,Kredi Kartı,Mevcut,4.0,4.0,Hayır,0.247,1118.36,2025,12,12,Friday
666,673,SIP100914,MUS1158,2025-07-08 10:18:00,Ankara,İç Anadolu,Elektronik,Kablosuz Kulaklık,1,1474.27,0.0,49.9,Kredi Kartı,Yeni,6.0,3.0,Evet,0.359,1524.17,2025,7,8,Tuesday
667,674,SIP101236,MUS1377,2025-05-30 10:48:00,Trabzon,Karadeniz,Ev Yaşam,Organizer,1,245.29,0.1,49.9,Kredi Kartı,Yeni,4.0,5.0,Hayır,0.242,270.66,2025,5,30,Friday
668,675,SIP100375,MUS1170,2024-04-02 08:14:00,Ankara,İç Anadolu,Spor,Yoga Matı,2,731.88,0.15,49.9,Banka Kartı,Yeni,1.0,5.0,Hayır,0.358,1294.1,2024,4,2,Tuesday
669,676,SIP101398,MUS1017,2024-10-02 09:32:00,Ankara,İç Anadolu,Kozmetik,Serum,3,509.74,0.15,39.9,Havale/EFT,Yeni,3.0,5.0,Hayır,0.243,1339.74,2024,10,2,Wednesday
671,678,SIP100119,MUS1018,2025-10-05 09:57:00,Gaziantep,Güneydoğu Anadolu,Kitap,Python Notları,5,209.15,0.05,59.9,Banka Kartı,Yeni,5.0,5.0,Hayır,0.346,1053.36,2025,10,5,Sunday
673,680,SIP100720,MUS1304,2025-05-13 09:00:00,İzmir,Ege,Ev Yaşam,Termos,5,458.8,0.05,49.9,Kredi Kartı,VIP,2.0,5.0,Hayır,0.184,2229.2,2025,5,13,Tuesday
674,681,SIP101373,MUS1065,2024-06-05 09:46:00,Konya,İç Anadolu,Elektronik,Powerbank,1,870.55,0.0,29.9,Kredi Kartı,Yeni,4.0,4.0,Hayır,0.365,900.45,2024,6,5,Wednesday
675,682,SIP101133,MUS1339,2025-10-01 21:18:00,İzmir,Ege,Kitap,İş Analitiği Rehberi,2,302.06,0.05,49.9,Kredi Kartı,Yeni,5.0,4.0,Hayır,0.39,623.81,2025,10,1,Wednesday
676,683,SIP100666,MUS1055,2025-09-10 17:08:00,Kayseri,İç Anadolu,Ofis,Mouse Pad,1,164.18,0.05,29.9,Kredi Kartı,Mevcut,1.0,5.0,Hayır,0.371,185.87,2025,9,10,Wednesday
677,684,SIP100415,MUS1328,2024-10-16 12:43:00,Antalya,Akdeniz,Kozmetik,Serum,2,559.48,0.05,39.9,Kredi Kartı,Yeni,4.0,5.0,Hayır,0.223,1102.91,2024,10,16,Wednesday
679,686,SIP100723,MUS1186,2025-07-25 11:12:00,Ankara,İç Anadolu,Spor,Yoga Matı,2,711.96,0.0,59.9,Kredi Kartı,Mevcut,2.0,5.0,Hayır,0.304,1483.82,2025,7,25,Friday
680,687,SIP100128,MUS1112,2025-05-16 17:26:00,Eskişehir,İç Anadolu,Kitap,Veri Bilimi 101,4,240.3,0.0,59.9,Dijital Cüzdan,Yeni,1.0,4.0,Hayır,0.292,1021.1,2025,5,16,Friday
681,688,SIP101178,MUS1256,2024-01-17 12:57:00,Samsun,Karadeniz,Ofis,Mouse Pad,1,171.85,0.0,29.9,Kredi Kartı,Mevcut,3.0,5.0,Hayır,0.344,201.75,2024,1,17,Wednesday
682,689,SIP101291,MUS1204,2024-12-24 17:41:00,İstanbul,Marmara,Elektronik,Webcam,2,805.77,0.0,49.9,Dijital Cüzdan,VIP,2.0,3.0,Hayır,0.183,1661.44,2024,12,24,Tuesday
683,690,SIP100573,MUS1250,2024-03-02 13:41:00,Adana,Akdeniz,Ofis,Defter Seti,2,162.66,0.0,39.9,Kredi Kartı,Mevcut,4.0,4.0,Hayır,0.182,365.22,2024,3,2,Saturday
684,691,SIP101032,MUS1162,2024-12-11 17:27:00,Ankara,İç Anadolu,Spor,Direnç Bandı,3,252.15,0.0,59.9,Kredi Kartı,Mevcut,4.0,4.0,Hayır,0.391,816.35,2024,12,11,Wednesday
685,692,SIP100841,MUS1259,2025-11-17 20:38:00,Bursa,Marmara,Ofis,Kalem Seti,2,105.42,0.1,49.9,Havale/EFT,Mevcut,4.0,5.0,Evet,0.382,239.66,2025,11,17,Monday
686,693,SIP100673,MUS1223,2024-11-02 17:50:00,İstanbul,Marmara,Kitap,İş Analitiği Rehberi,2,264.53,0.05,0.0,Dijital Cüzdan,Yeni,1.0,4.0,Hayır,0.196,502.61,2024,11,2,Saturday
688,695,SIP100697,MUS1113,2024-03-10 08:26:00,Ankara,İç Anadolu,Elektronik,Kablosuz Kulaklık,1,1676.35,0.0,39.9,Kredi Kartı,Yeni,4.0,5.0,Hayır,0.301,1716.25,2024,3,10,Sunday
689,696,SIP100552,MUS1129,2025-02-27 10:11:00,Gaziantep,Güneydoğu Anadolu,Kozmetik,Şampuan,3,183.02,0.05,39.9,Kapıda Ödeme,Yeni,4.0,4.0,Hayır,0.335,561.51,2025,2,27,Thursday
690,697,SIP100565,MUS1191,2025-05-20 11:21:00,Ankara,İç Anadolu,Ev Yaşam,Termos,2,519.61,0.05,29.9,Kredi Kartı,Mevcut,4.0,5.0,Hayır,0.28,1017.16,2025,5,20,Tuesday
693,700,SIP100525,MUS1225,2025-12-29 17:03:00,Konya,İç Anadolu,Kozmetik,Güneş Kremi,3,446.11,0.1,29.9,Dijital Cüzdan,Mevcut,1.0,3.0,Hayır,0.229,1234.4,2025,12,29,Monday
695,702,SIP100958,MUS1194,2024-05-01 10:56:00,Trabzon,Karadeniz,Spor,Yoga Matı,1,716.17,0.0,39.9,Dijital Cüzdan,Mevcut,5.0,4.0,Hayır,0.334,756.07,2024,5,1,Wednesday
696,703,SIP101345,MUS1401,2025-12-04 11:01:00,Kayseri,İç Anadolu,Kozmetik,Şampuan,2,221.95,0.05,49.9,Kredi Kartı,Mevcut,6.0,3.0,Hayır,0.269,471.6,2025,12,4,Thursday
698,705,SIP100080,MUS1391,2024-08-24 09:46:00,İzmir,Ege,Ofis,Mouse Pad,1,192.65,0.1,39.9,Kredi Kartı,Yeni,4.0,3.0,Hayır,0.34,213.29,2024,8,24,Saturday
699,706,SIP100534,MUS1294,2024-03-18 16:59:00,Ankara,İç Anadolu,Spor,Suluk,1,214.82,0.0,49.9,Kredi Kartı,Yeni,3.0,4.0,Hayır,0.355,264.72,2024,3,18,Monday
701,708,SIP100458,MUS1069,2024-05-06 20:57:00,İzmir,Ege,Kitap,Girişimcilik,1,202.67,0.0,49.9,Kredi Kartı,Mevcut,4.0,4.0,Hayır,0.319,252.57,2024,5,6,Monday
702,709,SIP100291,MUS1070,2025-03-26 13:27:00,Kayseri,İç Anadolu,Spor,Suluk,1,202.05,0.15,49.9,Kapıda Ödeme,Mevcut,1.0,4.0,Hayır,0.31,221.64,2025,3,26,Wednesday
703,710,SIP100371,MUS1337,2025-01-01 20:37:00,İstanbul,Marmara,Spor,Spor Çantası,1,885.96,0.1,0.0,Dijital Cüzdan,VIP,2.0,5.0,Hayır,0.399,797.36,2025,1,1,Wednesday
704,711,SIP100266,MUS1114,2024-11-23 22:13:00,Bursa,Marmara,Kitap,Zaman Yönetimi,2,161.7,0.0,39.9,Kredi Kartı,Mevcut,3.0,5.0,Hayır,0.192,363.3,2024,11,23,Saturday
705,712,SIP100589,MUS1004,2024-02-05 12:38:00,İzmir,Ege,Spor,Yoga Matı,1,649.09,0.15,29.9,Kredi Kartı,Yeni,2.0,4.0,Hayır,0.402,581.63,2024,2,5,Monday
708,715,SIP101214,MUS1192,2025-12-14 15:31:00,Konya,İç Anadolu,Spor,Suluk,1,194.76,0.15,29.9,Kapıda Ödeme,Mevcut,4.0,3.0,Hayır,0.314,195.45,2025,12,14,Sunday
710,717,SIP100474,MUS1363,2025-11-08 12:31:00,Antalya,Akdeniz,Kitap,Girişimcilik,4,188.61,0.0,29.9,Havale/EFT,Mevcut,3.0,5.0,Evet,0.325,784.34,2025,11,8,Saturday
712,719,SIP100186,MUS1418,2024-07-23 22:02:00,İstanbul,Marmara,Ev Yaşam,Termos,4,477.35,0.05,39.9,Kredi Kartı,Yeni,4.0,5.0,Hayır,0.396,1853.83,2024,7,23,Tuesday
715,722,SIP100452,MUS1406,2024-04-15 14:26:00,Trabzon,Karadeniz,Kitap,Veri Bilimi 101,3,253.09,0.05,39.9,Kredi Kartı,Mevcut,3.0,4.0,Hayır,0.252,799.17,2024,4,15,Monday
716,723,SIP100257,MUS1377,2024-08-14 14:19:00,Kayseri,İç Anadolu,Kitap,Girişimcilik,2,205.93,0.0,49.9,Kredi Kartı,Mevcut,2.0,4.0,Hayır,0.288,461.76,2024,8,14,Wednesday
717,724,SIP100136,MUS1228,2025-05-05 21:25:00,Konya,İç Anadolu,Elektronik,Kablosuz Kulaklık,2,1576.08,0.1,49.9,Kredi Kartı,Yeni,4.0,5.0,Hayır,0.388,2886.84,2025,5,5,Monday
718,725,SIP100982,MUS1159,2025-03-18 21:45:00,İstanbul,Marmara,Ev Yaşam,Saklama Kutusu,4,227.87,0.1,49.9,Banka Kartı,Yeni,5.0,5.0,Hayır,0.27,870.23,2025,3,18,Tuesday
719,726,SIP100790,MUS1074,2025-11-19 09:25:00,İstanbul,Marmara,Kitap,Zaman Yönetimi,2,153.52,0.0,39.9,Kredi Kartı,Mevcut,1.0,4.0,Evet,0.182,346.94,2025,11,19,Wednesday
720,728,SIP100771,MUS1185,2024-11-23 15:56:00,İstanbul,Marmara,Elektronik,Bluetooth Hoparlör,1,1272.33,0.1,0.0,Havale/EFT,Yeni,3.0,4.0,Evet,0.286,1145.1,2024,11,23,Saturday
721,729,SIP100584,MUS1321,2024-08-24 16:24:00,Trabzon,Karadeniz,Elektronik,Kablosuz Kulaklık,1,1595.41,0.15,59.9,Kredi Kartı,Mevcut,2.0,4.0,Hayır,0.374,1416.0,2024,8,24,Saturday
722,730,SIP101044,MUS1115,2025-10-31 18:50:00,Eskişehir,İç Anadolu,Kitap,Zaman Yönetimi,2,155.55,0.0,39.9,Banka Kartı,Mevcut,4.0,4.0,Hayır,0.374,351.0,2025,10,31,Friday
724,732,SIP101323,MUS1217,2025-12-07 10:04:00,İstanbul,Marmara,Spor,Yoga Matı,4,675.21,0.1,39.9,Kredi Kartı,Mevcut,3.0,5.0,Hayır,0.255,2470.66,2025,12,7,Sunday
725,734,SIP100342,MUS1045,2024-11-13 19:27:00,Konya,İç Anadolu,Kitap,Veri Bilimi 101,1,261.03,0.0,39.9,Havale/EFT,Mevcut,1.0,3.0,Evet,0.189,300.93,2024,11,13,Wednesday
727,736,SIP100527,MUS1205,2024-09-01 18:00:00,İstanbul,Marmara,Elektronik,Webcam,1,844.75,0.0,49.9,Dijital Cüzdan,Yeni,5.0,4.0,Hayır,0.41,894.65,2024,9,1,Sunday
728,737,SIP100852,MUS1232,2025-08-31 18:00:00,Bursa,Marmara,Kitap,İş Analitiği Rehberi,2,274.27,0.0,29.9,Kredi Kartı,Yeni,4.0,4.0,Hayır,0.284,578.44,2025,8,31,Sunday
729,738,SIP101014,MUS1276,2025-01-25 14:54:00,İstanbul,Marmara,Spor,Yoga Matı,2,713.04,0.05,29.9,Kredi Kartı,VIP,2.0,5.0,Hayır,0.202,1384.68,2025,1,25,Saturday
730,739,SIP100683,MUS1242,2024-10-13 15:33:00,İstanbul,Marmara,Kitap,Girişimcilik,3,202.03,0.0,0.0,Kredi Kartı,VIP,3.0,3.0,Evet,0.351,606.09,2024,10,13,Sunday
731,740,SIP100463,MUS1345,2025-10-09 11:12:00,Kayseri,İç Anadolu,Kitap,Girişimcilik,1,198.4,0.15,49.9,Kredi Kartı,Mevcut,3.0,4.0,Hayır,0.277,218.54,2025,10,9,Thursday
732,741,SIP100798,MUS1362,2025-04-15 08:02:00,Ankara,İç Anadolu,Spor,Direnç Bandı,1,252.46,0.0,39.9,Kredi Kartı,Mevcut,3.0,4.0,Hayır,0.354,292.36,2025,4,15,Tuesday
734,743,SIP101217,MUS1314,2024-02-14 09:03:00,Samsun,Karadeniz,Elektronik,Webcam,2,838.54,0.1,49.9,Dijital Cüzdan,Yeni,3.0,5.0,Hayır,0.405,1559.27,2024,2,14,Wednesday
735,744,SIP100469,MUS1351,2025-12-10 18:03:00,İzmir,Ege,Kozmetik,Güneş Kremi,2,485.63,0.0,59.9,Dijital Cüzdan,Mevcut,4.0,4.0,Hayır,0.303,1031.16,2025,12,10,Wednesday
736,745,SIP100648,MUS1237,2025-05-08 10:40:00,Kocaeli,Marmara,Kitap,Python Notları,2,199.96,0.05,39.9,Kredi Kartı,Mevcut,2.0,4.0,Hayır,0.412,419.82,2025,5,8,Thursday
737,746,SIP101035,MUS1002,2025-09-25 18:42:00,Mersin,Akdeniz,Ofis,Not Tutucu,1,136.97,0.1,29.9,Kapıda Ödeme,Mevcut,3.0,5.0,Hayır,0.296,153.17,2025,9,25,Thursday
738,747,SIP100034,MUS1126,2024-08-06 16:16:00,Trabzon,Karadeniz,Elektronik,Powerbank,1,767.66,0.05,49.9,Kredi Kartı,Yeni,4.0,4.0,Evet,0.322,933.68,2024,8,6,Tuesday
739,748,SIP100417,MUS1152,2025-11-07 13:43:00,Eskişehir,İç Anadolu,Kozmetik,Şampuan,2,212.96,0.1,0.0,Kredi Kartı,Yeni,2.0,4.0,Hayır,0.217,383.33,2025,11,7,Friday
741,750,SIP100782,MUS1075,2024-07-29 17:57:00,İstanbul,Marmara,Elektronik,Powerbank,1,828.03,0.05,29.9,Kredi Kartı,Mevcut,5.0,3.0,Evet,0.298,816.53,2024,7,29,Monday
742,751,SIP101311,MUS1404,2024-03-14 18:27:00,Antalya,Akdeniz,Kitap,Zaman Yönetimi,2,168.52,0.15,49.9,Dijital Cüzdan,Yeni,5.0,4.0,Hayır,0.388,336.38,2024,3,14,Thursday
744,753,SIP101266,MUS1269,2025-01-01 16:54:00,İzmir,Ege,Elektronik,Bluetooth Hoparlör,1,1176.84,0.1,39.9,Kapıda Ödeme,Yeni,3.0,4.0,Hayır,0.385,1099.06,2025,1,1,Wednesday
745,754,SIP101082,MUS1433,2024-11-08 18:54:00,Bursa,Marmara,Kitap,Python Notları,2,229.59,0.0,49.9,Kredi Kartı,Yeni,4.0,4.0,Hayır,0.257,509.08,2024,11,8,Friday
746,755,SIP100217,MUS1024,2025-01-09 20:09:00,İzmir,Ege,Ofis,Kalem Seti,2,94.39,0.0,49.9,Kredi Kartı,Mevcut,4.0,4.0,Hayır,0.19,238.68,2025,1,9,Thursday
747,756,SIP101393,MUS1329,2025-04-16 09:56:00,İstanbul,Marmara,Kitap,İş Analitiği Rehberi,3,298.32,0.0,39.9,Havale/EFT,Yeni,3.0,5.0,Hayır,0.207,934.86,2025,4,16,Wednesday
748,757,SIP101034,MUS1385,2024-05-22 08:38:00,İzmir,Ege,Kitap,Zaman Yönetimi,1,155.01,0.05,39.9,Kredi Kartı,Mevcut,3.0,4.0,Hayır,0.343,187.16,2024,5,22,Wednesday
749,758,SIP100544,MUS1435,2025-04-29 20:00:00,İstanbul,Marmara,Kitap,Python Notları,2,240.47,0.05,29.9,Kredi Kartı,Mevcut,4.0,4.0,Hayır,0.228,486.79,2025,4,29,Tuesday
750,759,SIP101329,MUS1022,2025-03-12 12:20:00,Eskişehir,İç Anadolu,Kozmetik,Serum,1,483.56,0.0,59.9,Kredi Kartı,Mevcut,5.0,5.0,Hayır,0.384,543.46,2025,3,12,Wednesday
751,760,SIP101074,MUS1281,2024-01-27 17:15:00,Trabzon,Karadeniz,Spor,Direnç Bandı,2,235.22,0.1,49.9,Kredi Kartı,Yeni,1.0,5.0,Hayır,0.348,473.3,2024,1,27,Saturday
753,762,SIP101163,MUS1350,2024-03-26 18:26:00,Konya,İç Anadolu,Ofis,Mouse Pad,2,182.9,0.0,39.9,Kredi Kartı,Yeni,3.0,5.0,Hayır,0.273,405.7,2024,3,26,Tuesday
754,763,SIP100465,MUS1414,2025-11-21 19:57:00,Bursa,Marmara,Kozmetik,Şampuan,1,206.36,0.0,39.9,Kapıda Ödeme,Yeni,3.0,5.0,Hayır,0.19,246.26,2025,11,21,Friday
755,764,SIP100392,MUS1096,2024-04-03 18:34:00,İzmir,Ege,Spor,Suluk,1,205.71,0.15,59.9,Kredi Kartı,Mevcut,5.0,5.0,Hayır,0.296,234.75,2024,4,3,Wednesday
756,765,SIP100901,MUS1067,2025-03-02 21:10:00,İzmir,Ege,Spor,Direnç Bandı,4,243.83,0.0,59.9,Kredi Kartı,Yeni,5.0,4.0,Hayır,0.376,1035.22,2025,3,2,Sunday
757,766,SIP100439,MUS1152,2024-03-17 19:46:00,İstanbul,Marmara,Elektronik,Powerbank,1,767.97,0.05,49.9,Kredi Kartı,Yeni,3.0,4.0,Hayır,0.192,779.47,2024,3,17,Sunday
758,767,SIP101022,MUS1301,2024-04-29 20:05:00,Samsun,Karadeniz,Ev Yaşam,Termos,3,479.45,0.1,39.9,Banka Kartı,Mevcut,6.0,5.0,Hayır,0.214,1334.42,2024,4,29,Monday
759,768,SIP100583,MUS1111,2025-09-23 12:33:00,Mersin,Akdeniz,Kitap,Veri Bilimi 101,4,254.64,0.0,0.0,Kredi Kartı,Yeni,5.0,4.0,Hayır,0.331,1018.56,2025,9,23,Tuesday
760,770,SIP100327,MUS1448,2025-03-14 11:44:00,İstanbul,Marmara,Spor,Yoga Matı,1,662.79,0.05,49.9,Dijital Cüzdan,VIP,2.0,5.0,Hayır,0.406,679.55,2025,3,14,Friday
762,772,SIP101188,MUS1373,2024-02-22 20:59:00,İstanbul,Marmara,Kitap,Zaman Yönetimi,1,168.85,0.1,29.9,Banka Kartı,Yeni,6.0,4.0,Hayır,0.37,181.86,2024,2,22,Thursday
763,773,SIP100466,MUS1083,2025-01-25 10:03:00,İstanbul,Marmara,Elektronik,Kablosuz Kulaklık,1,1563.67,0.05,39.9,Banka Kartı,Yeni,3.0,4.0,Hayır,0.356,1525.39,2025,1,25,Saturday
764,774,SIP100554,MUS1200,2024-03-26 09:16:00,İstanbul,Marmara,Spor,Spor Çantası,4,885.54,0.2,39.9,Banka Kartı,Yeni,3.0,4.0,Hayır,0.195,2873.63,2024,3,26,Tuesday
765,775,SIP100062,MUS1437,2025-08-12 14:30:00,İzmir,Ege,Kozmetik,Yüz Temizleme Jeli,4,342.7,0.2,49.9,Kredi Kartı,Yeni,2.0,5.0,Hayır,0.407,1146.54,2025,8,12,Tuesday
766,776,SIP100419,MUS1433,2025-10-15 20:30:00,Gaziantep,Güneydoğu Anadolu,Ev Yaşam,Organizer,1,242.72,0.05,59.9,Dijital Cüzdan,Mevcut,4.0,3.0,Hayır,0.387,290.48,2025,10,15,Wednesday
767,777,SIP101050,MUS1425,2025-12-06 09:17:00,Antalya,Akdeniz,Ofis,Kalem Seti,1,98.85,0.0,49.9,Dijital Cüzdan,Mevcut,3.0,4.0,Hayır,0.321,148.75,2025,12,6,Saturday
768,778,SIP100709,MUS1197,2025-04-15 20:49:00,Antalya,Akdeniz,Ofis,Defter Seti,1,155.9,0.05,49.9,Kredi Kartı,Yeni,6.0,4.0,Hayır,0.298,198.0,2025,4,15,Tuesday
770,780,SIP100539,MUS1062,2025-05-29 13:25:00,İstanbul,Ege,Kozmetik,Yüz Temizleme Jeli,1,284.4,0.0,49.9,Kapıda Ödeme,Mevcut,1.0,5.0,Hayır,0.316,334.3,2025,5,29,Thursday
771,781,SIP100156,MUS1262,2024-08-14 13:49:00,Kayseri,İç Anadolu,Kitap,İş Analitiği Rehberi,3,297.14,0.0,59.9,Kredi Kartı,Mevcut,4.0,4.0,Hayır,0.376,951.32,2024,8,14,Wednesday
772,782,SIP101149,MUS1040,2024-02-25 20:23:00,Konya,İç Anadolu,Spor,Dambıl Seti,1,1410.25,0.05,39.9,Banka Kartı,Yeni,4.0,4.0,Hayır,0.198,1379.64,2024,2,25,Sunday
773,783,SIP101347,MUS1294,2024-08-12 13:40:00,Eskişehir,İç Anadolu,Ofis,Not Tutucu,3,126.47,0.1,49.9,Kapıda Ödeme,Yeni,3.0,5.0,Hayır,0.345,391.37,2024,8,12,Monday
774,784,SIP100083,MUS1241,2025-10-15 21:48:00,Antalya,Akdeniz,Kitap,Python Notları,2,207.76,0.0,29.9,Kredi Kartı,Mevcut,2.0,5.0,Hayır,0.362,445.42,2025,10,15,Wednesday
775,785,SIP100960,MUS1300,2024-09-10 08:40:00,Antalya,Akdeniz,Ev Yaşam,Saklama Kutusu,1,216.65,0.15,39.9,Havale/EFT,Mevcut,4.0,5.0,Hayır,0.38,224.05,2024,9,10,Tuesday
776,786,SIP100367,MUS1282,2024-02-05 17:39:00,Ankara,İç Anadolu,Spor,Dambıl Seti,2,1363.9,0.2,39.9,Banka Kartı,Mevcut,4.0,5.0,Hayır,0.336,2222.14,2024,2,5,Monday
777,787,SIP100945,MUS1327,2025-12-31 09:37:00,İstanbul,Marmara,Elektronik,Powerbank,2,937.62,0.0,49.9,Havale/EFT,Yeni,1.0,5.0,Hayır,0.218,1925.14,2025,12,31,Wednesday
778,788,SIP100877,MUS1067,2024-06-14 17:13:00,Konya,İç Anadolu,Ofis,Not Tutucu,3,121.15,0.0,39.9,Kredi Kartı,Mevcut,1.0,5.0,Hayır,0.334,403.35,2024,6,14,Friday
779,789,SIP100612,MUS1071,2024-01-31 16:17:00,İstanbul,Marmara,Ofis,Not Tutucu,1,123.1,0.0,29.9,Kredi Kartı,Yeni,2.0,5.0,Hayır,0.208,153.0,2024,1,31,Wednesday
780,790,SIP100349,MUS1040,2024-08-17 13:15:00,Mersin,Akdeniz,Kitap,Zaman Yönetimi,5,154.42,0.0,39.9,Kredi Kartı,Mevcut,5.0,5.0,Hayır,0.281,812.0,2024,8,17,Saturday
781,791,SIP101134,MUS1076,2024-01-03 21:59:00,İzmir,Ege,Ofis,Defter Seti,1,140.06,0.05,39.9,Dijital Cüzdan,Mevcut,2.0,4.0,Hayır,0.39,172.96,2024,1,3,Wednesday
783,793,SIP100167,MUS1417,2025-09-01 19:05:00,Adana,Akdeniz,Spor,Dambıl Seti,1,1364.85,0.1,49.9,Kredi Kartı,Mevcut,5.0,5.0,Hayır,0.32,1278.27,2025,9,1,Monday
784,794,SIP101091,MUS1370,2025-09-22 15:21:00,Bursa,Marmara,Ofis,Defter Seti,1,154.55,0.0,39.9,Kredi Kartı,Yeni,5.0,3.0,Hayır,0.419,194.45,2025,9,22,Monday
786,796,SIP100547,MUS1296,2024-01-21 14:07:00,Antalya,Akdeniz,Ofis,Mouse Pad,2,186.83,0.0,29.9,Kredi Kartı,Mevcut,3.0,4.0,Hayır,0.339,403.56,2024,1,21,Sunday
787,797,SIP100205,MUS1369,2025-10-18 10:37:00,Konya,İç Anadolu,Elektronik,Powerbank,1,779.29,0.1,0.0,Dijital Cüzdan,Yeni,2.0,3.0,Hayır,0.253,701.36,2025,10,18,Saturday
789,799,SIP100710,MUS1377,2024-04-19 18:44:00,Adana,Akdeniz,Ofis,Not Tutucu,1,124.63,0.15,39.9,Kredi Kartı,Yeni,3.0,5.0,Hayır,0.308,145.84,2024,4,19,Friday
791,801,SIP101288,MUS1176,2025-03-24 09:57:00,İzmir,Ege,Ev Yaşam,Termos,4,538.82,0.0,29.9,Banka Kartı,VIP,5.0,5.0,Hayır,0.383,2185.18,2025,3,24,Monday
793,803,SIP100778,MUS1061,2025-06-19 20:21:00,İstanbul,Marmara,Spor,Spor Çantası,2,894.07,0.15,0.0,Kredi Kartı,Yeni,3.0,4.0,Hayır,0.257,1519.92,2025,6,19,Thursday
794,804,SIP101376,MUS1262,2025-05-01 21:00:00,Konya,İç Anadolu,Ev Yaşam,Masa Lambası,2,610.51,0.0,49.9,Kredi Kartı,VIP,3.0,5.0,Evet,0.345,1270.92,2025,5,1,Thursday
795,805,SIP101204,MUS1130,2025-10-09 21:04:00,İstanbul,Marmara,Ofis,Mouse Pad,1,181.1,0.1,39.9,Kredi Kartı,VIP,6.0,4.0,Hayır,0.317,202.89,2025,10,9,Thursday
796,806,SIP100010,MUS1336,2024-03-08 11:58:00,Mersin,Akdeniz,Spor,Suluk,1,210.85,0.0,29.9,Dijital Cüzdan,Mevcut,4.0,4.0,Hayır,0.258,240.75,2024,3,8,Friday
797,807,SIP100011,MUS1300,2024-05-26 12:08:00,Bursa,Marmara,Kitap,Zaman Yönetimi,3,172.4,0.05,29.9,Kredi Kartı,Mevcut,3.0,4.0,Hayır,0.365,521.24,2024,5,26,Sunday
798,809,SIP101078,MUS1283,2025-02-02 10:22:00,Eskişehir,İç Anadolu,Ev Yaşam,Saklama Kutusu,2,243.74,0.0,49.9,Kapıda Ödeme,Mevcut,4.0,4.0,Hayır,0.189,537.38,2025,2,2,Sunday
799,810,SIP100722,MUS1401,2025-09-02 10:45:00,Samsun,Karadeniz,Kozmetik,Yüz Temizleme Jeli,2,300.97,0.0,49.9,Kredi Kartı,VIP,4.0,4.0,Hayır,0.364,651.84,2025,9,2,Tuesday
800,811,SIP100631,MUS1290,2024-06-12 14:35:00,İstanbul,Marmara,Kozmetik,Serum,5,540.85,0.15,49.9,Kredi Kartı,Mevcut,5.0,5.0,Hayır,0.29,2348.51,2024,6,12,Wednesday
801,812,SIP100871,MUS1378,2024-04-15 18:54:00,İzmir,Ege,Ofis,Defter Seti,2,163.77,0.15,0.0,Havale/EFT,VIP,2.0,4.0,Hayır,0.395,278.41,2024,4,15,Monday
802,813,SIP100747,MUS1085,2024-03-23 14:57:00,İstanbul,Marmara,Spor,Yoga Matı,2,746.28,0.15,49.9,Kredi Kartı,VIP,3.0,5.0,Evet,0.23,1318.58,2024,3,23,Saturday
803,814,SIP101211,MUS1068,2025-10-21 20:54:00,Antalya,Akdeniz,Ofis,Defter Seti,4,148.57,0.0,29.9,Banka Kartı,Yeni,3.0,4.0,Hayır,0.222,624.18,2025,10,21,Tuesday
804,815,SIP100556,MUS1358,2025-04-23 21:34:00,Ankara,İç Anadolu,Ofis,Not Tutucu,3,130.5,0.15,49.9,Dijital Cüzdan,Mevcut,4.0,4.0,Hayır,0.3,382.67,2025,4,23,Wednesday
806,817,SIP100729,MUS1313,2025-04-27 17:31:00,İstanbul,Marmara,Ev Yaşam,Termos,1,529.62,0.15,39.9,Kredi Kartı,Mevcut,3.0,4.0,Hayır,0.384,490.08,2025,4,27,Sunday
807,818,SIP100428,MUS1177,2024-01-19 18:00:00,Eskişehir,İç Anadolu,Kozmetik,Nemlendirici,2,424.78,0.0,39.9,Banka Kartı,Yeni,1.0,5.0,Hayır,0.417,889.46,2024,1,19,Friday
809,820,SIP100794,MUS1051,2024-05-05 12:31:00,İstanbul,Marmara,Spor,Yoga Matı,4,671.81,0.1,39.9,Kredi Kartı,Mevcut,1.0,4.0,Hayır,0.192,2458.42,2024,5,5,Sunday
810,821,SIP101046,MUS1434,2025-01-24 17:47:00,Antalya,Akdeniz,Ev Yaşam,Saklama Kutusu,2,215.13,0.1,39.9,Kredi Kartı,Yeni,2.0,3.0,Hayır,0.279,427.13,2025,1,24,Friday
811,822,SIP101343,MUS1238,2024-10-21 14:28:00,Ankara,İç Anadolu,Ev Yaşam,Termos,3,504.47,0.15,49.9,Kredi Kartı,Mevcut,5.0,3.0,Hayır,0.369,1336.3,2024,10,21,Monday
812,823,SIP100966,MUS1140,2025-03-12 15:29:00,Bursa,Marmara,Kozmetik,Güneş Kremi,1,475.23,0.0,0.0,Kredi Kartı,Mevcut,3.0,4.0,Hayır,0.267,475.23,2025,3,12,Wednesday
814,825,SIP100657,MUS1099,2024-01-24 17:48:00,Bursa,Marmara,Kitap,İş Analitiği Rehberi,1,288.94,0.0,39.9,Kredi Kartı,VIP,4.0,5.0,Hayır,0.372,328.84,2024,1,24,Wednesday
816,827,SIP100768,MUS1353,2024-05-07 18:42:00,Ankara,İç Anadolu,Kitap,Zaman Yönetimi,2,162.13,0.05,29.9,Dijital Cüzdan,Mevcut,4.0,4.0,Hayır,0.379,354.16,2024,5,7,Tuesday
817,828,SIP100152,MUS1204,2025-12-21 11:32:00,İstanbul,Marmara,Spor,Spor Çantası,1,868.86,0.0,0.0,Banka Kartı,Mevcut,2.0,3.0,Hayır,0.3,868.86,2025,12,21,Sunday
819,831,SIP100424,MUS1074,2024-07-24 13:26:00,İzmir,Ege,Ev Yaşam,Masa Lambası,1,612.53,0.0,39.9,Dijital Cüzdan,VIP,3.0,5.0,Hayır,0.195,652.43,2024,7,24,Wednesday
821,833,SIP100131,MUS1446,2024-07-29 09:53:00,Ankara,İç Anadolu,Ev Yaşam,Organizer,4,299.85,0.0,39.9,Havale/EFT,Yeni,4.0,3.0,Hayır,0.376,1239.3,2024,7,29,Monday
822,834,SIP100462,MUS1281,2025-02-26 17:44:00,İzmir,Ege,Ev Yaşam,Masa Lambası,1,653.86,0.2,49.9,Dijital Cüzdan,Mevcut,6.0,5.0,Hayır,0.196,572.99,2025,2,26,Wednesday
823,835,SIP101177,MUS1296,2025-09-07 14:13:00,İzmir,Ege,Kozmetik,Nemlendirici,1,359.18,0.1,39.9,Kredi Kartı,VIP,4.0,5.0,Hayır,0.345,363.16,2025,9,7,Sunday
825,837,SIP100001,MUS1045,2024-09-07 11:08:00,Konya,İç Anadolu,Elektronik,Webcam,1,975.31,0.05,29.9,Havale/EFT,Mevcut,4.0,5.0,Hayır,0.185,956.44,2024,9,7,Saturday
826,838,SIP101029,MUS1142,2024-04-21 21:40:00,İzmir,Ege,Kitap,Girişimcilik,4,187.67,0.1,49.9,Kredi Kartı,Yeni,2.0,4.0,Hayır,0.409,725.51,2024,4,21,Sunday
827,839,SIP101340,MUS1020,2024-01-04 14:04:00,Kayseri,İç Anadolu,Kozmetik,Nemlendirici,2,375.92,0.0,49.9,Kredi Kartı,Mevcut,3.0,5.0,Hayır,0.259,801.74,2024,1,4,Thursday
828,840,SIP101352,MUS1118,2025-05-28 14:50:00,Gaziantep,Güneydoğu Anadolu,Kozmetik,Yüz Temizleme Jeli,3,322.28,0.15,49.9,Kredi Kartı,Yeni,1.0,5.0,Hayır,0.414,871.71,2025,5,28,Wednesday
829,841,SIP100700,MUS1233,2025-12-13 10:16:00,Antalya,Akdeniz,Ev Yaşam,Termos,5,524.67,0.0,29.9,Kredi Kartı,Mevcut,3.0,3.0,Evet,0.319,2653.25,2025,12,13,Saturday
830,842,SIP100938,MUS1172,2024-01-29 15:27:00,Ankara,İç Anadolu,Kitap,Veri Bilimi 101,2,242.33,0.0,49.9,Kapıda Ödeme,Mevcut,2.0,4.0,Hayır,0.35,534.56,2024,1,29,Monday
831,843,SIP100876,MUS1345,2024-05-14 22:18:00,Kayseri,İç Anadolu,Kitap,Zaman Yönetimi,1,161.94,0.0,29.9,Havale/EFT,Mevcut,4.0,5.0,Hayır,0.18,191.84,2024,5,14,Tuesday
833,845,SIP101227,MUS1026,2025-05-29 14:32:00,İzmir,Ege,Ev Yaşam,Kahve Kupası,2,193.19,0.05,59.9,Kredi Kartı,Mevcut,5.0,3.0,Hayır,0.247,426.96,2025,5,29,Thursday
837,849,SIP100909,MUS1396,2025-10-23 09:55:00,Samsun,Karadeniz,Spor,Suluk,2,206.28,0.0,29.9,Kredi Kartı,Yeni,3.0,4.0,Hayır,0.382,442.46,2025,10,23,Thursday
838,850,SIP100436,MUS1426,2024-04-26 20:06:00,Gaziantep,Güneydoğu Anadolu,Elektronik,Webcam,1,883.45,0.0,39.9,Kredi Kartı,Mevcut,4.0,5.0,Hayır,0.19,923.35,2024,4,26,Friday
839,851,SIP100453,MUS1423,2025-06-04 16:13:00,Konya,İç Anadolu,Kozmetik,Güneş Kremi,2,434.83,0.0,49.9,Banka Kartı,Mevcut,3.0,5.0,Hayır,0.338,919.56,2025,6,4,Wednesday
841,853,SIP100184,MUS1417,2025-08-18 19:48:00,İstanbul,Marmara,Ev Yaşam,Termos,2,500.08,0.1,29.9,Kredi Kartı,Yeni,1.0,4.0,Hayır,0.242,930.04,2025,8,18,Monday
842,854,SIP100218,MUS1314,2025-04-30 16:29:00,İstanbul,Marmara,Kitap,İş Analitiği Rehberi,5,278.9,0.2,49.9,Kredi Kartı,VIP,5.0,4.0,Hayır,0.36,1165.5,2025,4,30,Wednesday
844,856,SIP100855,MUS1062,2025-02-01 20:25:00,İstanbul,Marmara,Ev Yaşam,Masa Lambası,1,592.49,0.15,49.9,Kredi Kartı,Mevcut,3.0,5.0,Hayır,0.381,553.52,2025,2,1,Saturday
845,857,SIP100307,MUS1271,2025-01-09 13:12:00,Antalya,Akdeniz,Kozmetik,Nemlendirici,1,373.7,0.0,39.9,Kredi Kartı,Yeni,5.0,5.0,Hayır,0.277,413.6,2025,1,9,Thursday
846,858,SIP100730,MUS1172,2024-05-19 15:46:00,İzmir,Ege,Spor,Suluk,2,200.23,0.15,59.9,Kredi Kartı,Yeni,4.0,4.0,Hayır,0.26,400.29,2024,5,19,Sunday
847,859,SIP100441,MUS1225,2024-01-10 21:08:00,Gaziantep,Güneydoğu Anadolu,Elektronik,Kablosuz Kulaklık,1,1512.45,0.0,49.9,Banka Kartı,Mevcut,2.0,4.0,Hayır,0.372,1562.35,2024,1,10,Wednesday
848,860,SIP100550,MUS1161,2025-08-08 14:54:00,Samsun,Karadeniz,Spor,Spor Çantası,3,920.88,0.0,39.9,Dijital Cüzdan,Yeni,5.0,5.0,Hayır,0.335,2802.54,2025,8,8,Friday
849,861,SIP100314,MUS1393,2024-08-18 16:18:00,İstanbul,Marmara,Elektronik,Webcam,1,1011.63,0.0,59.9,Kredi Kartı,Mevcut,2.0,4.0,Hayır,0.411,1071.53,2024,8,18,Sunday
850,863,SIP100701,MUS1038,2025-12-09 22:42:00,Samsun,Karadeniz,Ofis,Not Tutucu,4,140.77,0.0,49.9,Havale/EFT,Yeni,2.0,4.0,Hayır,0.333,612.98,2025,12,9,Tuesday
851,864,SIP100332,MUS1370,2024-03-11 16:36:00,İstanbul,Marmara,Ev Yaşam,Masa Lambası,1,674.36,0.0,39.9,Kredi Kartı,Mevcut,3.0,5.0,Hayır,0.29,714.26,2024,3,11,Monday
852,865,SIP100037,MUS1251,2024-08-03 19:21:00,İstanbul,Marmara,Ofis,Kalem Seti,2,104.95,0.0,39.9,Kredi Kartı,Mevcut,2.0,4.0,Hayır,0.218,249.8,2024,8,3,Saturday
853,866,SIP100111,MUS1015,2025-10-10 19:55:00,Gaziantep,Güneydoğu Anadolu,Spor,Yoga Matı,1,639.84,0.15,29.9,Kredi Kartı,Yeni,1.0,4.0,Hayır,0.336,573.76,2025,10,10,Friday
854,867,SIP100977,MUS1244,2025-02-04 14:13:00,Kocaeli,Marmara,Kozmetik,Serum,5,505.02,0.15,59.9,Dijital Cüzdan,Yeni,6.0,5.0,Hayır,0.308,2206.24,2025,2,4,Tuesday
855,868,SIP101075,MUS1141,2025-01-06 22:21:00,İzmir,Ege,Ofis,Defter Seti,1,140.41,0.15,0.0,Havale/EFT,Yeni,3.0,3.0,Hayır,0.257,119.35,2025,1,6,Monday
856,869,SIP101143,MUS1241,2024-03-19 08:36:00,İzmir,Ege,Elektronik,Bluetooth Hoparlör,1,1249.08,0.0,39.9,Kapıda Ödeme,Mevcut,4.0,4.0,Hayır,0.344,1288.98,2024,3,19,Tuesday
858,871,SIP100996,MUS1421,2024-09-01 11:05:00,Kocaeli,Marmara,Ev Yaşam,Saklama Kutusu,1,241.81,0.0,39.9,Kredi Kartı,Yeni,4.0,4.0,Evet,0.341,281.71,2024,9,1,Sunday
859,872,SIP100776,MUS1411,2025-12-07 21:33:00,İstanbul,Marmara,Kozmetik,Serum,4,583.25,0.1,49.9,Kredi Kartı,Mevcut,5.0,4.0,Hayır,0.208,2149.6,2025,12,7,Sunday
860,873,SIP101053,MUS1201,2025-02-05 13:27:00,İstanbul,Marmara,Elektronik,Powerbank,1,760.18,0.05,49.9,Banka Kartı,VIP,2.0,5.0,Hayır,0.373,772.07,2025,2,5,Wednesday
862,875,SIP100578,MUS1098,2024-09-01 13:46:00,Konya,İç Anadolu,Ofis,Kalem Seti,1,103.27,0.0,0.0,Kredi Kartı,VIP,4.0,3.0,Hayır,0.386,103.27,2024,9,1,Sunday
863,876,SIP101169,MUS1217,2025-04-29 11:03:00,İzmir,Ege,Ofis,Not Tutucu,1,123.2,0.0,49.9,Kredi Kartı,Yeni,3.0,5.0,Hayır,0.273,173.1,2025,4,29,Tuesday
864,877,SIP100434,MUS1155,2024-09-15 15:44:00,İzmir,Ege,Elektronik,Powerbank,1,855.38,0.1,29.9,Kredi Kartı,Mevcut,2.0,5.0,Hayır,0.233,799.74,2024,9,15,Sunday
865,878,SIP100164,MUS1027,2025-01-16 22:18:00,Bursa,Marmara,Ev Yaşam,Saklama Kutusu,2,232.11,0.0,39.9,Kredi Kartı,Mevcut,3.0,5.0,Hayır,0.242,504.12,2025,1,16,Thursday
866,879,SIP100264,MUS1123,2025-05-05 22:15:00,İstanbul,Marmara,Ev Yaşam,Termos,4,539.21,0.0,0.0,Havale/EFT,Mevcut,4.0,5.0,Hayır,0.253,2156.84,2025,5,5,Monday
868,881,SIP100303,MUS1085,2025-12-28 09:01:00,Ankara,İç Anadolu,Ofis,Defter Seti,1,171.54,0.1,39.9,Kapıda Ödeme,Mevcut,4.0,3.0,Hayır,0.361,194.29,2025,12,28,Sunday
869,882,SIP101028,MUS1447,2024-07-24 08:47:00,Antalya,Akdeniz,Ev Yaşam,Masa Lambası,1,703.66,0.0,49.9,Kredi Kartı,Mevcut,4.0,4.0,Hayır,0.323,753.56,2024,7,24,Wednesday
870,883,SIP100176,MUS1198,2024-12-23 22:01:00,İstanbul,Marmara,Ev Yaşam,Kahve Kupası,1,184.83,0.1,49.9,Kredi Kartı,Mevcut,5.0,5.0,Hayır,0.285,216.25,2024,12,23,Monday
872,885,SIP100150,MUS1029,2025-05-13 16:42:00,İzmir,Ege,Ofis,Kalem Seti,2,97.8,0.0,49.9,Kredi Kartı,Yeni,2.0,4.0,Hayır,0.289,245.5,2025,5,13,Tuesday
874,887,SIP100976,MUS1323,2024-02-02 22:08:00,Ankara,İç Anadolu,Elektronik,Powerbank,2,749.52,0.0,29.9,Kredi Kartı,VIP,1.0,5.0,Hayır,0.339,1528.94,2024,2,2,Friday
875,888,SIP100072,MUS1435,2025-06-29 14:42:00,Trabzon,Karadeniz,Elektronik,Webcam,1,1024.17,0.0,39.9,Kredi Kartı,Mevcut,3.0,5.0,Hayır,0.36,1064.07,2025,6,29,Sunday
876,889,SIP100169,MUS1260,2024-07-15 11:08:00,Samsun,Karadeniz,Ofis,Not Tutucu,1,127.02,0.15,39.9,Kredi Kartı,Yeni,2.0,3.0,Hayır,0.417,147.87,2024,7,15,Monday
877,890,SIP100456,MUS1131,2024-06-17 15:08:00,İzmir,Ege,Elektronik,Kablosuz Kulaklık,1,1617.74,0.0,49.9,Kapıda Ödeme,Mevcut,3.0,4.0,Hayır,0.205,1667.64,2024,6,17,Monday
880,893,SIP100488,MUS1281,2025-07-22 10:07:00,Konya,İç Anadolu,Elektronik,Powerbank,1,921.36,0.0,39.9,Kredi Kartı,Mevcut,4.0,5.0,Hayır,0.241,961.26,2025,7,22,Tuesday
882,895,SIP101332,MUS1307,2024-05-24 09:13:00,Gaziantep,Güneydoğu Anadolu,Ev Yaşam,Saklama Kutusu,1,238.03,0.2,39.9,Banka Kartı,Mevcut,4.0,5.0,Hayır,0.402,230.32,2024,5,24,Friday
883,896,SIP100460,MUS1165,2024-06-26 19:52:00,Samsun,Karadeniz,Ev Yaşam,Organizer,1,265.15,0.15,39.9,Kredi Kartı,Mevcut,3.0,4.0,Hayır,0.374,265.28,2024,6,26,Wednesday
884,897,SIP101392,MUS1404,2024-03-29 10:20:00,İstanbul,Marmara,Elektronik,Bluetooth Hoparlör,2,1221.43,0.1,49.9,Banka Kartı,VIP,2.0,4.0,Hayır,0.214,2248.47,2024,3,29,Friday
885,898,SIP101038,MUS1293,2025-01-29 12:38:00,Trabzon,Karadeniz,Kitap,Veri Bilimi 101,3,247.61,0.05,39.9,Kredi Kartı,Yeni,2.0,5.0,Hayır,0.363,745.59,2025,1,29,Wednesday
886,899,SIP101099,MUS1128,2024-03-25 20:27:00,Bursa,Marmara,Ofis,Not Tutucu,1,130.04,0.0,39.9,Kredi Kartı,Yeni,3.0,5.0,Hayır,0.249,169.94,2024,3,25,Monday
887,900,SIP100242,MUS1383,2025-01-11 17:14:00,Adana,Akdeniz,Kitap,İş Analitiği Rehberi,1,309.04,0.0,49.9,Kredi Kartı,Yeni,3.0,3.0,Hayır,0.316,358.94,2025,1,11,Saturday
888,901,SIP100699,MUS1332,2025-12-26 09:05:00,İstanbul,Marmara,Kozmetik,Yüz Temizleme Jeli,1,319.19,0.0,39.9,Kapıda Ödeme,Yeni,3.0,4.0,Hayır,0.22,359.09,2025,12,26,Friday
889,902,SIP100915,MUS1051,2024-03-01 17:20:00,İstanbul,Karadeniz,Kitap,Python Notları,1,218.17,0.1,59.9,Kredi Kartı,Mevcut,5.0,4.0,Hayır,0.18,256.25,2024,3,1,Friday
890,903,SIP101371,MUS1099,2024-03-09 13:40:00,Konya,İç Anadolu,Kozmetik,Nemlendirici,1,404.88,0.0,39.9,Banka Kartı,Yeni,3.0,5.0,Hayır,0.267,444.78,2024,3,9,Saturday
891,904,SIP100703,MUS1112,2025-02-06 10:41:00,Bursa,Marmara,Ev Yaşam,Organizer,3,279.87,0.0,49.9,Kredi Kartı,Yeni,2.0,3.0,Hayır,0.202,889.51,2025,2,6,Thursday
892,905,SIP100585,MUS1360,2025-03-01 19:06:00,Samsun,Karadeniz,Kozmetik,Serum,1,511.58,0.05,39.9,Havale/EFT,Mevcut,4.0,5.0,Hayır,0.272,525.9,2025,3,1,Saturday
893,906,SIP100693,MUS1446,2024-08-27 14:43:00,Ankara,İç Anadolu,Kitap,Girişimcilik,1,224.37,0.0,49.9,Havale/EFT,Mevcut,1.0,4.0,Hayır,0.363,274.27,2024,8,27,Tuesday
894,907,SIP100271,MUS1317,2024-03-10 19:09:00,İstanbul,Marmara,Ev Yaşam,Masa Lambası,2,638.03,0.05,29.9,Kredi Kartı,Mevcut,3.0,5.0,Hayır,0.408,1242.16,2024,3,10,Sunday
895,908,SIP100112,MUS1406,2025-01-02 13:27:00,İstanbul,Marmara,Elektronik,Webcam,3,817.49,0.0,59.9,Kredi Kartı,Mevcut,4.0,5.0,Hayır,0.323,2512.37,2025,1,2,Thursday
896,909,SIP100596,MUS1345,2025-07-06 17:09:00,Ankara,İç Anadolu,Elektronik,Webcam,2,958.21,0.0,49.9,Kredi Kartı,Mevcut,5.0,3.0,Hayır,0.36,1966.32,2025,7,6,Sunday
899,912,SIP100227,MUS1408,2025-12-07 19:31:00,Kocaeli,Marmara,Kitap,Python Notları,1,239.29,0.0,49.9,Kredi Kartı,Yeni,1.0,3.0,Hayır,0.253,289.19,2025,12,7,Sunday
900,913,SIP100497,MUS1279,2025-08-15 14:49:00,Bursa,Marmara,Elektronik,Powerbank,1,821.16,0.05,49.9,Banka Kartı,VIP,5.0,4.0,Hayır,0.262,830.0,2025,8,15,Friday
901,914,SIP100842,MUS1134,2025-11-18 13:08:00,Konya,İç Anadolu,Ofis,Not Tutucu,1,131.35,0.0,29.9,Dijital Cüzdan,Mevcut,3.0,5.0,Hayır,0.238,161.25,2025,11,18,Tuesday
903,916,SIP100221,MUS1296,2025-09-03 15:16:00,Kayseri,İç Anadolu,Kitap,Veri Bilimi 101,1,272.69,0.15,59.9,Dijital Cüzdan,Mevcut,5.0,4.0,Hayır,0.382,291.69,2025,9,3,Wednesday
904,917,SIP101203,MUS1220,2025-09-02 19:17:00,Bursa,Marmara,Spor,Direnç Bandı,1,247.36,0.0,39.9,Kapıda Ödeme,Mevcut,2.0,4.0,Hayır,0.22,287.26,2025,9,2,Tuesday
906,919,SIP100337,MUS1163,2025-10-15 17:04:00,İzmir,Ege,Ev Yaşam,Kahve Kupası,1,187.68,0.0,49.9,Banka Kartı,VIP,3.0,4.0,Hayır,0.182,237.58,2025,10,15,Wednesday
907,920,SIP100978,MUS1017,2025-10-16 22:19:00,İstanbul,Marmara,Kozmetik,Şampuan,4,175.46,0.0,49.9,Kredi Kartı,Yeni,1.0,5.0,Hayır,0.417,751.74,2025,10,16,Thursday
908,921,SIP100921,MUS1349,2024-01-01 08:59:00,Konya,İç Anadolu,Kitap,Python Notları,4,234.28,0.1,39.9,Dijital Cüzdan,Yeni,1.0,5.0,Hayır,0.34,883.31,2024,1,1,Monday
909,922,SIP101018,MUS1395,2025-01-29 22:36:00,İzmir,Ege,Elektronik,Kablosuz Kulaklık,2,1458.69,0.05,39.9,Kredi Kartı,Mevcut,3.0,3.0,Hayır,0.183,2811.41,2025,1,29,Wednesday
910,923,SIP101089,MUS1324,2024-04-30 12:19:00,Eskişehir,İç Anadolu,Ev Yaşam,Organizer,2,250.07,0.05,39.9,Kredi Kartı,Yeni,1.0,4.0,Evet,0.2,515.03,2024,4,30,Tuesday
911,924,SIP100946,MUS1031,2025-05-07 19:39:00,Bursa,Marmara,Ofis,Not Tutucu,2,135.41,0.0,59.9,Kredi Kartı,Yeni,3.0,4.0,Hayır,0.285,330.72,2025,5,7,Wednesday
913,926,SIP100138,MUS1437,2024-10-28 15:32:00,Ankara,İç Anadolu,Kozmetik,Serum,1,515.53,0.0,49.9,Banka Kartı,Yeni,4.0,3.0,Hayır,0.376,565.43,2024,10,28,Monday
914,927,SIP100313,MUS1390,2025-12-28 21:28:00,İzmir,Ege,Spor,Direnç Bandı,3,227.12,0.1,39.9,Kredi Kartı,Yeni,3.0,4.0,Evet,0.382,653.12,2025,12,28,Sunday
915,928,SIP100529,MUS1207,2024-12-22 13:52:00,Ankara,İç Anadolu,Kozmetik,Serum,4,559.47,0.0,29.9,Kredi Kartı,Mevcut,1.0,4.0,Hayır,0.417,2267.78,2024,12,22,Sunday
916,929,SIP100508,MUS1021,2024-09-06 08:08:00,Konya,İç Anadolu,Spor,Yoga Matı,3,714.18,0.05,29.9,Banka Kartı,Yeni,4.0,5.0,Hayır,0.314,2065.31,2024,9,6,Friday
917,930,SIP100957,MUS1410,2025-04-12 11:23:00,Ankara,İç Anadolu,Ev Yaşam,Saklama Kutusu,3,248.32,0.0,59.9,Kapıda Ödeme,Mevcut,4.0,4.0,Hayır,0.243,804.86,2025,4,12,Saturday
918,931,SIP100394,MUS1420,2025-07-08 14:48:00,Adana,Akdeniz,Elektronik,Webcam,3,916.44,0.0,59.9,Banka Kartı,Mevcut,5.0,4.0,Hayır,0.31,2809.22,2025,7,8,Tuesday
919,932,SIP100383,MUS1403,2025-04-02 08:16:00,Mersin,Akdeniz,Kitap,İş Analitiği Rehberi,5,271.45,0.05,0.0,Kredi Kartı,Mevcut,5.0,4.0,Hayır,0.227,1289.39,2025,4,2,Wednesday
920,933,SIP100222,MUS1076,2025-05-06 10:33:00,İstanbul,Marmara,Elektronik,Powerbank,3,845.27,0.0,49.9,Banka Kartı,Mevcut,2.0,5.0,Hayır,0.405,2585.71,2025,5,6,Tuesday
921,934,SIP100757,MUS1342,2025-04-30 22:18:00,Ankara,İç Anadolu,Kitap,İş Analitiği Rehberi,1,287.01,0.1,39.9,Dijital Cüzdan,Mevcut,5.0,3.0,Hayır,0.378,298.21,2025,4,30,Wednesday
922,935,SIP100410,MUS1110,2024-10-18 08:24:00,İstanbul,Marmara,Ofis,Defter Seti,2,135.85,0.1,49.9,Kredi Kartı,Mevcut,2.0,5.0,Hayır,0.189,294.43,2024,10,18,Friday
923,936,SIP100678,MUS1337,2024-05-17 08:04:00,Trabzon,Karadeniz,Kitap,Python Notları,1,228.66,0.0,29.9,Banka Kartı,Yeni,5.0,3.0,Hayır,0.194,258.56,2024,5,17,Friday
927,940,SIP100086,MUS1227,2025-09-02 20:39:00,Antalya,Akdeniz,Spor,Spor Çantası,3,838.82,0.0,49.9,Kredi Kartı,Mevcut,6.0,5.0,Hayır,0.306,2566.36,2025,9,2,Tuesday
929,942,SIP100207,MUS1329,2025-03-02 17:40:00,Ankara,İç Anadolu,Ev Yaşam,Organizer,1,265.3,0.0,29.9,Kredi Kartı,VIP,3.0,3.0,Hayır,0.268,295.2,2025,3,2,Sunday
932,945,SIP100310,MUS1250,2025-06-07 14:26:00,İstanbul,Marmara,Kitap,Python Notları,2,227.45,0.1,49.9,Banka Kartı,Mevcut,1.0,4.0,Hayır,0.305,459.31,2025,6,7,Saturday
933,946,SIP100994,MUS1268,2025-11-22 16:13:00,Ankara,İç Anadolu,Ev Yaşam,Termos,4,507.87,0.0,29.9,Kredi Kartı,Yeni,4.0,4.0,Hayır,0.306,2061.38,2025,11,22,Saturday
935,948,SIP101254,MUS1414,2024-02-24 20:54:00,Konya,İç Anadolu,Kozmetik,Güneş Kremi,2,477.68,0.05,39.9,Kredi Kartı,Mevcut,3.0,5.0,Evet,0.298,947.49,2024,2,24,Saturday
936,949,SIP100181,MUS1124,2025-08-11 11:45:00,Antalya,Akdeniz,Kitap,Girişimcilik,5,185.87,0.0,49.9,Kredi Kartı,Mevcut,3.0,5.0,Hayır,0.194,979.25,2025,8,11,Monday
937,950,SIP100804,MUS1217,2024-12-11 10:01:00,İstanbul,Marmara,Ofis,Defter Seti,2,156.26,0.15,49.9,Banka Kartı,Yeni,3.0,4.0,Hayır,0.359,315.54,2024,12,11,Wednesday
938,951,SIP100695,MUS1336,2025-10-29 21:17:00,Konya,İç Anadolu,Spor,Spor Çantası,1,957.62,0.1,39.9,Kredi Kartı,Yeni,5.0,3.0,Hayır,0.378,901.76,2025,10,29,Wednesday
939,952,SIP101341,MUS1093,2025-01-24 18:37:00,İzmir,Ege,Ofis,Kalem Seti,1,104.45,0.0,59.9,Kredi Kartı,Yeni,1.0,5.0,Hayır,0.409,164.35,2025,1,24,Friday
940,953,SIP101383,MUS1357,2025-09-13 12:02:00,Eskişehir,İç Anadolu,Kozmetik,Yüz Temizleme Jeli,3,301.98,0.15,59.9,Banka Kartı,Mevcut,2.0,4.0,Hayır,0.234,829.95,2025,9,13,Saturday
941,954,SIP100498,MUS1376,2025-10-31 20:09:00,Eskişehir,İç Anadolu,Kozmetik,Şampuan,1,194.56,0.15,49.9,Kredi Kartı,Yeni,1.0,3.0,Hayır,0.276,215.28,2025,10,31,Friday
943,956,SIP100142,MUS1445,2025-11-17 09:26:00,Samsun,Karadeniz,Kozmetik,Güneş Kremi,2,461.71,0.0,59.9,Kredi Kartı,Mevcut,3.0,5.0,Hayır,0.413,983.32,2025,11,17,Monday
944,957,SIP101154,MUS1245,2024-04-13 16:51:00,Ankara,İç Anadolu,Kitap,Girişimcilik,1,180.77,0.05,0.0,Havale/EFT,Yeni,1.0,3.0,Hayır,0.407,171.73,2024,4,13,Saturday
945,958,SIP100328,MUS1027,2025-11-01 13:16:00,Samsun,Karadeniz,Ofis,Defter Seti,3,167.85,0.2,29.9,Kredi Kartı,Mevcut,3.0,4.0,Hayır,0.234,432.74,2025,11,1,Saturday
946,960,SIP100661,MUS1304,2025-01-27 08:05:00,Eskişehir,İç Anadolu,Elektronik,Kablosuz Kulaklık,1,1560.37,0.15,29.9,Kredi Kartı,Yeni,4.0,4.0,Hayır,0.294,1356.21,2025,1,27,Monday
947,961,SIP100347,MUS1442,2025-11-21 19:07:00,İstanbul,Marmara,Elektronik,Powerbank,1,890.28,0.1,29.9,Kredi Kartı,Mevcut,3.0,4.0,Evet,0.282,697.63,2025,11,21,Friday
948,962,SIP100829,MUS1329,2025-07-14 19:20:00,İstanbul,Marmara,Spor,Spor Çantası,3,874.88,0.0,49.9,Kredi Kartı,Yeni,5.0,3.0,Evet,0.257,2674.54,2025,7,14,Monday
950,964,SIP100211,MUS1417,2025-01-28 21:39:00,İstanbul,Marmara,Elektronik,Webcam,1,894.56,0.1,59.9,Kredi Kartı,VIP,5.0,4.0,Hayır,0.241,865.0,2025,1,28,Tuesday
951,965,SIP100568,MUS1107,2024-02-04 11:29:00,İzmir,Ege,Spor,Dambıl Seti,1,1459.29,0.0,29.9,Havale/EFT,Yeni,3.0,5.0,Hayır,0.383,1489.19,2024,2,4,Sunday
952,966,SIP100143,MUS1247,2025-09-06 12:22:00,Eskişehir,İç Anadolu,Elektronik,Webcam,3,917.81,0.0,29.9,Kredi Kartı,Mevcut,3.0,5.0,Hayır,0.344,2783.33,2025,9,6,Saturday
953,967,SIP100515,MUS1411,2025-03-06 13:55:00,Adana,Akdeniz,Spor,Spor Çantası,1,881.76,0.0,49.9,Kredi Kartı,Mevcut,5.0,4.0,Hayır,0.263,931.66,2025,3,6,Thursday
954,968,SIP100363,MUS1206,2024-01-13 08:53:00,İstanbul,Marmara,Ev Yaşam,Termos,1,534.44,0.05,49.9,Havale/EFT,Yeni,2.0,4.0,Hayır,0.36,557.62,2024,1,13,Saturday
957,971,SIP100865,MUS1245,2025-03-20 16:01:00,Ankara,İç Anadolu,Kitap,Veri Bilimi 101,1,245.68,0.15,39.9,Kredi Kartı,Yeni,3.0,4.0,Hayır,0.418,248.73,2025,3,20,Thursday
959,973,SIP100892,MUS1369,2024-07-21 22:19:00,Adana,Akdeniz,Kitap,Zaman Yönetimi,5,158.42,0.05,29.9,Kredi Kartı,Mevcut,4.0,5.0,Hayır,0.309,782.39,2024,7,21,Sunday
962,976,SIP101069,MUS1122,2025-09-12 16:32:00,Adana,Akdeniz,Kozmetik,Güneş Kremi,2,487.21,0.0,49.9,Kredi Kartı,Yeni,3.0,5.0,Hayır,0.185,1024.32,2025,9,12,Friday
963,977,SIP100878,MUS1108,2025-05-18 09:50:00,İstanbul,Marmara,Ev Yaşam,Organizer,1,275.75,0.0,29.9,Kredi Kartı,VIP,2.0,5.0,Hayır,0.325,305.65,2025,5,18,Sunday
964,978,SIP100359,MUS1395,2024-06-17 15:29:00,Antalya,Akdeniz,Ev Yaşam,Termos,2,478.83,0.15,29.9,Kredi Kartı,Yeni,2.0,4.0,Hayır,0.341,843.91,2024,6,17,Monday
965,979,SIP100564,MUS1005,2024-01-23 10:06:00,İstanbul,Marmara,Elektronik,Powerbank,1,871.47,0.0,39.9,Kredi Kartı,Yeni,2.0,4.0,Hayır,0.305,911.37,2024,1,23,Tuesday
966,980,SIP101012,MUS1247,2024-10-19 17:28:00,İstanbul,Marmara,Ev Yaşam,Saklama Kutusu,1,222.73,0.0,49.9,Dijital Cüzdan,Yeni,3.0,4.0,Hayır,0.273,307.78,2024,10,19,Saturday
967,981,SIP100372,MUS1433,2024-08-12 17:54:00,Ankara,İç Anadolu,Kozmetik,Yüz Temizleme Jeli,2,297.6,0.1,29.9,Dijital Cüzdan,Mevcut,3.0,4.0,Hayır,0.327,565.58,2024,8,12,Monday
968,982,SIP101110,MUS1130,2025-06-30 19:09:00,Ankara,İç Anadolu,Spor,Dambıl Seti,1,1510.78,0.0,49.9,Kredi Kartı,Yeni,2.0,5.0,Hayır,0.353,1560.68,2025,6,30,Monday
970,984,SIP100891,MUS1227,2025-04-01 18:13:00,Konya,İç Anadolu,Ev Yaşam,Kahve Kupası,2,181.95,0.0,39.9,Dijital Cüzdan,Mevcut,6.0,4.0,Hayır,0.203,403.8,2025,4,1,Tuesday
971,985,SIP101299,MUS1386,2025-09-15 20:57:00,Antalya,Akdeniz,Ofis,Defter Seti,3,148.51,0.0,49.9,Kredi Kartı,Mevcut,1.0,3.0,Hayır,0.22,495.43,2025,9,15,Monday
974,988,SIP100684,MUS1176,2025-12-01 18:34:00,Konya,İç Anadolu,Kitap,Veri Bilimi 101,1,246.29,0.15,39.9,Havale/EFT,Yeni,3.0,3.0,Evet,0.362,249.25,2025,12,1,Monday
975,989,SIP100274,MUS1408,2024-06-01 11:12:00,İstanbul,Marmara,Elektronik,Powerbank,1,801.68,0.0,29.9,Banka Kartı,Yeni,1.0,3.0,Hayır,0.189,831.58,2024,6,1,Saturday
976,990,SIP101180,MUS1146,2025-03-14 13:11:00,İstanbul,Marmara,Ev Yaşam,Kahve Kupası,3,170.28,0.0,0.0,Banka Kartı,Yeni,4.0,3.0,Hayır,0.318,510.84,2025,3,14,Friday
978,992,SIP101047,MUS1303,2025-01-08 20:43:00,İzmir,Ege,Spor,Suluk,1,198.16,0.0,39.9,Dijital Cüzdan,Yeni,3.0,5.0,Hayır,0.284,238.06,2025,1,8,Wednesday
980,994,SIP100514,MUS1397,2024-04-05 15:42:00,Kocaeli,Marmara,Kozmetik,Yüz Temizleme Jeli,2,308.41,0.0,39.9,Kredi Kartı,Mevcut,4.0,3.0,Hayır,0.274,656.72,2024,4,5,Friday
981,995,SIP100615,MUS1395,2025-12-06 19:57:00,Mersin,Akdeniz,Ev Yaşam,Saklama Kutusu,5,255.28,0.1,39.9,Banka Kartı,Yeni,2.0,4.0,Hayır,0.362,1188.66,2025,12,6,Saturday
982,996,SIP100432,MUS1395,2025-01-10 19:41:00,Antalya,Akdeniz,Ev Yaşam,Termos,2,495.22,0.0,39.9,Havale/EFT,Mevcut,4.0,3.0,Hayır,0.224,1030.34,2025,1,10,Friday
983,997,SIP100675,MUS1444,2024-01-01 19:35:00,İstanbul,Marmara,Kozmetik,Yüz Temizleme Jeli,1,279.74,0.1,29.9,Kapıda Ödeme,Yeni,5.0,5.0,Hayır,0.288,281.67,2024,1,1,Monday
984,998,SIP101005,MUS1078,2024-09-06 17:05:00,Ankara,İç Anadolu,Kitap,Zaman Yönetimi,1,159.23,0.0,59.9,Kredi Kartı,Mevcut,4.0,4.0,Hayır,0.211,219.13,2024,9,6,Friday
985,999,SIP100210,MUS1127,2025-06-11 16:06:00,Trabzon,Karadeniz,Ev Yaşam,Saklama Kutusu,3,226.24,0.0,39.9,Kredi Kartı,Mevcut,3.0,5.0,Hayır,0.294,718.62,2025,6,11,Wednesday
986,1000,SIP100973,MUS1437,2024-07-11 14:49:00,Bursa,Marmara,Elektronik,Webcam,3,892.76,0.0,39.9,Dijital Cüzdan,Mevcut,6.0,4.0,Hayır,0.408,2718.18,2024,7,11,Thursday
987,1001,SIP100163,MUS1269,2025-05-31 18:11:00,İstanbul,Marmara,Ofis,Defter Seti,1,158.48,0.0,59.9,Kredi Kartı,Mevcut,1.0,5.0,Hayır,0.287,218.38,2025,5,31,Saturday
988,1002,SIP100636,MUS1296,2024-05-31 08:41:00,Mersin,Akdeniz,Elektronik,Bluetooth Hoparlör,2,1254.08,0.05,49.9,Kredi Kartı,Yeni,3.0,5.0,Evet,0.192,2432.65,2024,5,31,Friday
990,1004,SIP101080,MUS1348,2024-02-24 22:46:00,İstanbul,Marmara,Kozmetik,Güneş Kremi,2,467.93,0.0,59.9,Banka Kartı,Mevcut,4.0,4.0,Hayır,0.255,995.76,2024,2,24,Saturday
991,1005,SIP100088,MUS1210,2025-11-07 09:10:00,İstanbul,Marmara,Ev Yaşam,Saklama Kutusu,2,241.08,0.0,49.9,Kredi Kartı,Mevcut,1.0,5.0,Hayır,0.33,532.06,2025,11,7,Friday
992,1006,SIP100346,MUS1189,2025-05-23 15:32:00,Ankara,İç Anadolu,Kozmetik,Yüz Temizleme Jeli,1,312.25,0.05,39.9,Kredi Kartı,Mevcut,2.0,5.0,Hayır,0.381,336.54,2025,5,23,Friday
993,1007,SIP101115,MUS1152,2025-04-11 16:45:00,Antalya,Akdeniz,Elektronik,Powerbank,1,816.87,0.0,59.9,Havale/EFT,Yeni,3.0,4.0,Hayır,0.272,876.77,2025,4,11,Friday
994,1009,SIP100910,MUS1028,2025-10-21 16:05:00,Adana,Akdeniz,Kozmetik,Yüz Temizleme Jeli,3,301.54,0.0,39.9,Kredi Kartı,Mevcut,3.0,3.0,Hayır,0.195,944.52,2025,10,21,Tuesday
995,1010,SIP100718,MUS1357,2024-06-26 13:04:00,İstanbul,Marmara,Elektronik,Powerbank,3,873.32,0.0,49.9,Kredi Kartı,Yeni,5.0,4.0,Hayır,0.395,2669.86,2024,6,26,Wednesday
996,1011,SIP100191,MUS1141,2025-04-02 08:46:00,İstanbul,Marmara,Spor,Suluk,1,201.68,0.05,39.9,Dijital Cüzdan,Yeni,2.0,4.0,Hayır,0.197,231.5,2025,4,2,Wednesday
997,1012,SIP100753,MUS1079,2024-10-19 10:11:00,Konya,İç Anadolu,Ev Yaşam,Organizer,4,254.98,0.1,49.9,Kapıda Ödeme,Mevcut,2.0,5.0,Hayır,0.353,967.83,2024,10,19,Saturday
998,1013,SIP100179,MUS1155,2025-07-15 19:38:00,İstanbul,Marmara,Ev Yaşam,Masa Lambası,2,653.29,0.15,39.9,Banka Kartı,Yeni,3.0,4.0,Hayır,0.271,1150.49,2025,7,15,Tuesday
999,1014,SIP100853,MUS1029,2024-05-12 11:55:00,Ankara,İç Anadolu,Kitap,Girişimcilik,2,194.33,0.0,49.9,Kredi Kartı,Mevcut,5.0,5.0,Hayır,0.261,438.56,2024,5,12,Sunday
1000,1015,SIP100769,MUS1224,2024-10-10 15:04:00,Konya,İç Anadolu,Elektronik,Kablosuz Kulaklık,2,1598.76,0.15,39.9,Banka Kartı,Mevcut,4.0,4.0,Hayır,0.187,2757.79,2024,10,10,Thursday
1001,1016,SIP100557,MUS1328,2025-04-12 18:47:00,Antalya,Akdeniz,Kozmetik,Serum,2,502.22,0.0,49.9,Banka Kartı,Mevcut,3.0,5.0,Hayır,0.36,1054.34,2025,4,12,Saturday
1002,1017,SIP101073,MUS1162,2025-11-04 18:52:00,İstanbul,Marmara,Ofis,Kalem Seti,2,106.61,0.0,49.9,Kredi Kartı,Yeni,2.0,3.0,Hayır,0.32,263.12,2025,11,4,Tuesday
1004,1019,SIP101220,MUS1286,2025-05-09 11:05:00,Bursa,Marmara,Ofis,Mouse Pad,1,166.56,0.0,29.9,Kredi Kartı,Yeni,3.0,4.0,Evet,0.383,196.46,2025,5,9,Friday
1005,1021,SIP101370,MUS1032,2025-12-19 11:12:00,İstanbul,Marmara,Elektronik,Webcam,1,925.02,0.15,49.9,Havale/EFT,Mevcut,1.0,3.0,Hayır,0.316,836.17,2025,12,19,Friday
1006,1022,SIP100904,MUS1025,2024-10-28 15:01:00,İzmir,Ege,Ofis,Mouse Pad,5,180.5,0.0,39.9,Havale/EFT,Yeni,3.0,4.0,Hayır,0.317,942.4,2024,10,28,Monday
1008,1024,SIP100745,MUS1273,2025-05-28 16:53:00,İzmir,Ege,Spor,Direnç Bandı,2,254.51,0.0,29.9,Kredi Kartı,Mevcut,5.0,3.0,Hayır,0.208,538.92,2025,5,28,Wednesday
1009,1025,SIP101048,MUS1113,2025-07-05 21:29:00,İstanbul,Marmara,Spor,Yoga Matı,1,687.29,0.05,49.9,Kredi Kartı,Mevcut,3.0,5.0,Hayır,0.223,702.83,2025,7,5,Saturday
1010,1026,SIP100512,MUS1268,2025-08-27 09:14:00,Adana,Akdeniz,Spor,Spor Çantası,2,898.41,0.0,59.9,Kredi Kartı,Yeni,3.0,4.0,Evet,0.273,1856.72,2025,8,27,Wednesday
1011,1027,SIP101283,MUS1289,2025-11-10 22:56:00,İstanbul,Marmara,Kitap,İş Analitiği Rehberi,1,282.03,0.15,39.9,Kredi Kartı,Mevcut,4.0,5.0,Hayır,0.36,279.63,2025,11,10,Monday
1012,1028,SIP100472,MUS1285,2024-07-10 10:47:00,İzmir,Ege,Kitap,Veri Bilimi 101,1,265.66,0.1,29.9,Kredi Kartı,Mevcut,3.0,5.0,Hayır,0.223,268.99,2024,7,10,Wednesday
1013,1029,SIP100399,MUS1401,2025-04-14 22:55:00,Antalya,Akdeniz,Ofis,Kalem Seti,3,94.37,0.1,49.9,Kredi Kartı,Mevcut,2.0,3.0,Hayır,0.394,304.7,2025,4,14,Monday
1014,1030,SIP100036,MUS1284,2025-11-10 09:56:00,Adana,Akdeniz,Kozmetik,Güneş Kremi,1,432.65,0.05,49.9,Kredi Kartı,Yeni,3.0,5.0,Hayır,0.414,460.92,2025,11,10,Monday
1015,1031,SIP100206,MUS1296,2024-02-12 21:55:00,Eskişehir,İç Anadolu,Ofis,Kalem Seti,1,94.4,0.05,0.0,Kredi Kartı,Yeni,3.0,5.0,Hayır,0.328,89.68,2024,2,12,Monday
1016,1032,SIP100609,MUS1235,2024-11-19 15:55:00,Bursa,Marmara,Kitap,Veri Bilimi 101,4,275.71,0.0,49.9,Banka Kartı,Yeni,3.0,4.0,Hayır,0.401,1152.74,2024,11,19,Tuesday
1018,1035,SIP100430,MUS1251,2025-06-20 13:27:00,İzmir,Ege,Kozmetik,Serum,3,525.1,0.05,49.9,Dijital Cüzdan,VIP,1.0,3.0,Hayır,0.227,1546.44,2025,6,20,Friday
1019,1036,SIP101257,MUS1346,2025-06-12 10:35:00,Gaziantep,Güneydoğu Anadolu,Elektronik,Bluetooth Hoparlör,2,1151.34,0.1,39.9,Havale/EFT,Mevcut,3.0,4.0,Hayır,0.221,2112.31,2025,6,12,Thursday
1021,1038,SIP101004,MUS1064,2025-05-30 17:45:00,Bursa,Marmara,Kitap,Python Notları,1,209.96,0.0,39.9,Dijital Cüzdan,Yeni,2.0,4.0,Hayır,0.245,249.86,2025,5,30,Friday
1023,1040,SIP101387,MUS1345,2024-10-11 21:12:00,İstanbul,Marmara,Elektronik,Powerbank,1,781.22,0.15,29.9,Banka Kartı,Mevcut,6.0,3.0,Hayır,0.326,693.94,2024,10,11,Friday
1024,1041,SIP100381,MUS1328,2024-02-03 10:38:00,Samsun,Karadeniz,Spor,Spor Çantası,2,982.46,0.1,29.9,Kredi Kartı,Mevcut,2.0,3.0,Hayır,0.304,1798.33,2024,2,3,Saturday
1025,1042,SIP100728,MUS1446,2024-08-23 20:07:00,İzmir,Ege,Kitap,İş Analitiği Rehberi,4,272.68,0.0,29.9,Kredi Kartı,Yeni,2.0,5.0,Hayır,0.362,1120.62,2024,8,23,Friday
1026,1043,SIP100319,MUS1361,2025-08-06 13:34:00,Kocaeli,Marmara,Ev Yaşam,Termos,2,508.7,0.1,49.9,Kredi Kartı,Mevcut,3.0,5.0,Hayır,0.357,965.56,2025,8,6,Wednesday
1028,1045,SIP100926,MUS1042,2025-02-27 16:57:00,İstanbul,Marmara,Elektronik,Bluetooth Hoparlör,2,1215.13,0.1,49.9,Havale/EFT,Mevcut,3.0,5.0,Hayır,0.307,2237.13,2025,2,27,Thursday
1029,1046,SIP100894,MUS1259,2025-07-06 17:16:00,Konya,İç Anadolu,Elektronik,Kablosuz Kulaklık,1,1687.58,0.0,49.9,Kredi Kartı,Mevcut,6.0,4.0,Hayır,0.287,1737.48,2025,7,6,Sunday
1030,1047,SIP101020,MUS1015,2024-09-05 15:02:00,Samsun,Karadeniz,Kitap,Python Notları,4,219.99,0.05,29.9,Dijital Cüzdan,Mevcut,3.0,5.0,Hayır,0.279,865.86,2024,9,5,Thursday
1031,1048,SIP101315,MUS1063,2025-08-01 16:36:00,İstanbul,Marmara,Elektronik,Bluetooth Hoparlör,1,1270.45,0.0,29.9,Banka Kartı,Mevcut,5.0,4.0,Hayır,0.398,1300.35,2025,8,1,Friday
1032,1049,SIP100035,MUS1005,2025-07-10 19:19:00,İzmir,Ege,Ev Yaşam,Kahve Kupası,1,185.18,0.0,29.9,Banka Kartı,VIP,6.0,3.0,Hayır,0.329,215.08,2025,7,10,Thursday
1034,1051,SIP100174,MUS1365,2024-09-13 08:41:00,Mersin,Akdeniz,Kozmetik,Nemlendirici,2,393.8,0.0,49.9,Kredi Kartı,Mevcut,3.0,3.0,Hayır,0.338,837.5,2024,9,13,Friday
1035,1052,SIP101144,MUS1356,2025-12-16 12:30:00,Gaziantep,Güneydoğu Anadolu,Kitap,Girişimcilik,1,213.49,0.1,0.0,Kredi Kartı,Yeni,5.0,5.0,Hayır,0.398,192.14,2025,12,16,Tuesday
1036,1053,SIP101264,MUS1331,2024-10-17 15:07:00,Mersin,Akdeniz,Ev Yaşam,Termos,5,550.28,0.15,59.9,Banka Kartı,Yeni,6.0,5.0,Hayır,0.29,2398.59,2024,10,17,Thursday
1037,1054,SIP101353,MUS1068,2024-02-04 12:47:00,Konya,İç Anadolu,Kitap,Python Notları,2,220.6,0.15,49.9,Kredi Kartı,Mevcut,6.0,5.0,Hayır,0.202,424.92,2024,2,4,Sunday
1040,1057,SIP100509,MUS1289,2024-06-19 12:59:00,Eskişehir,İç Anadolu,Ev Yaşam,Termos,1,493.53,0.0,29.9,Kredi Kartı,VIP,4.0,4.0,Hayır,0.342,523.43,2024,6,19,Wednesday
1041,1058,SIP100711,MUS1330,2024-01-26 19:37:00,İstanbul,Marmara,Elektronik,Bluetooth Hoparlör,2,1143.05,0.0,29.9,Kredi Kartı,Mevcut,2.0,5.0,Hayır,0.233,2316.0,2024,1,26,Friday
1042,1059,SIP100608,MUS1195,2024-04-20 08:18:00,Kayseri,İç Anadolu,Kitap,İş Analitiği Rehberi,1,287.47,0.0,39.9,Kapıda Ödeme,Mevcut,3.0,4.0,Hayır,0.263,327.37,2024,4,20,Saturday
1043,1060,SIP100388,MUS1357,2025-03-20 10:03:00,Samsun,Karadeniz,Ev Yaşam,Organizer,2,256.89,0.05,49.9,Kredi Kartı,Yeni,2.0,5.0,Hayır,0.221,537.99,2025,3,20,Thursday
1044,1061,SIP101391,MUS1238,2024-04-30 13:29:00,Ankara,İç Anadolu,Kozmetik,Güneş Kremi,1,480.48,0.0,49.9,Banka Kartı,Mevcut,3.0,4.0,Hayır,0.19,530.38,2024,4,30,Tuesday
1045,1062,SIP100752,MUS1086,2025-01-15 12:49:00,Kocaeli,Marmara,Ev Yaşam,Kahve Kupası,1,188.88,0.05,49.9,Kapıda Ödeme,Yeni,1.0,5.0,Hayır,0.395,229.34,2025,1,15,Wednesday
1046,1063,SIP100912,MUS1165,2025-12-23 21:56:00,Ankara,İç Anadolu,Ev Yaşam,Masa Lambası,1,685.71,0.05,39.9,Banka Kartı,Yeni,3.0,3.0,Hayır,0.302,691.32,2025,12,23,Tuesday
1047,1064,SIP100149,MUS1177,2025-05-12 17:28:00,İstanbul,Marmara,Spor,Direnç Bandı,4,265.86,0.05,29.9,Kredi Kartı,Yeni,4.0,4.0,Hayır,0.228,1040.17,2025,5,12,Monday
1048,1065,SIP100754,MUS1363,2024-11-20 17:08:00,İstanbul,Marmara,Elektronik,Kablosuz Kulaklık,1,1461.79,0.0,29.9,Kredi Kartı,Mevcut,4.0,4.0,Hayır,0.312,1491.69,2024,11,20,Wednesday
1051,1068,SIP101175,MUS1267,2025-05-26 21:20:00,İstanbul,Marmara,Spor,Dambıl Seti,1,1476.61,0.05,39.9,Kredi Kartı,VIP,2.0,5.0,Hayır,0.365,1442.68,2025,5,26,Monday
1053,1070,SIP100201,MUS1231,2025-02-23 21:36:00,Gaziantep,Güneydoğu Anadolu,Kozmetik,Şampuan,1,202.55,0.1,29.9,Kredi Kartı,VIP,7.0,5.0,Hayır,0.222,212.2,2025,2,23,Sunday
1056,1073,SIP100692,MUS1244,2025-10-19 12:48:00,Antalya,Akdeniz,Ofis,Defter Seti,2,164.28,0.2,49.9,Kapıda Ödeme,Yeni,4.0,3.0,Hayır,0.372,312.75,2025,10,19,Sunday
1057,1074,SIP100610,MUS1081,2024-02-10 11:59:00,Antalya,Akdeniz,Kitap,Veri Bilimi 101,1,262.27,0.05,29.9,Banka Kartı,Yeni,2.0,5.0,Hayır,0.304,279.06,2024,2,10,Saturday
1058,1076,SIP100956,MUS1057,2024-04-13 08:53:00,İstanbul,Marmara,Ev Yaşam,Saklama Kutusu,1,241.94,0.0,29.9,Banka Kartı,Mevcut,2.0,5.0,Hayır,0.243,271.84,2024,4,13,Saturday
1059,1077,SIP100281,MUS1224,2025-12-06 19:05:00,Ankara,İç Anadolu,Kitap,Python Notları,2,224.84,0.0,49.9,Kredi Kartı,VIP,4.0,5.0,Evet,0.354,499.58,2025,12,6,Saturday
1060,1078,SIP100411,MUS1393,2025-11-24 11:17:00,Kayseri,İç Anadolu,Kitap,Python Notları,3,233.46,0.05,59.9,Banka Kartı,Mevcut,6.0,5.0,Hayır,0.362,725.26,2025,11,24,Monday
1062,1080,SIP101219,MUS1339,2025-10-14 15:42:00,İstanbul,Marmara,Kozmetik,Şampuan,1,200.93,0.05,49.9,Kredi Kartı,Mevcut,3.0,5.0,Hayır,0.352,240.78,2025,10,14,Tuesday
1063,1081,SIP101116,MUS1143,2024-06-24 11:02:00,Adana,Akdeniz,Kozmetik,Yüz Temizleme Jeli,3,288.7,0.15,39.9,Banka Kartı,Yeni,4.0,5.0,Hayır,0.268,776.08,2024,6,24,Monday
1064,1082,SIP100688,MUS1440,2024-03-19 21:50:00,Bursa,Marmara,Ev Yaşam,Organizer,5,279.2,0.1,39.9,Kredi Kartı,Yeni,2.0,3.0,Hayır,0.253,1296.3,2024,3,19,Tuesday
1065,1083,SIP100336,MUS1254,2025-02-05 12:41:00,Bursa,Marmara,Kozmetik,Nemlendirici,5,423.61,0.1,29.9,Kredi Kartı,VIP,2.0,4.0,Hayır,0.352,1936.15,2025,2,5,Wednesday
1066,1084,SIP100643,MUS1100,2025-05-19 20:11:00,Bursa,Marmara,Kitap,Zaman Yönetimi,4,161.98,0.15,29.9,Dijital Cüzdan,Yeni,3.0,4.0,Hayır,0.288,580.63,2025,5,19,Monday
1067,1085,SIP100315,MUS1422,2025-08-09 09:17:00,Bursa,Marmara,Kozmetik,Yüz Temizleme Jeli,1,313.25,0.0,49.9,Havale/EFT,Mevcut,4.0,5.0,Hayır,0.412,363.15,2025,8,9,Saturday
1068,1086,SIP100783,MUS1259,2024-12-22 13:10:00,Kayseri,İç Anadolu,Ofis,Kalem Seti,5,99.29,0.1,49.9,Kapıda Ödeme,Mevcut,2.0,3.0,Hayır,0.412,496.71,2024,12,22,Sunday
1069,1087,SIP101121,MUS1229,2024-10-02 11:37:00,Mersin,Akdeniz,Ev Yaşam,Saklama Kutusu,1,220.51,0.05,49.9,Banka Kartı,Mevcut,5.0,4.0,Hayır,0.25,259.38,2024,10,2,Wednesday
1070,1088,SIP101361,MUS1130,2025-06-19 19:53:00,İstanbul,Marmara,Kozmetik,Şampuan,1,199.02,0.0,39.9,Banka Kartı,Yeni,4.0,5.0,Hayır,0.395,238.92,2025,6,19,Thursday
1071,1089,SIP101358,MUS1056,2024-01-18 15:46:00,Antalya,Akdeniz,Ev Yaşam,Kahve Kupası,1,196.84,0.0,39.9,Kredi Kartı,Mevcut,6.0,5.0,Hayır,0.406,236.74,2024,1,18,Thursday
1072,1090,SIP100093,MUS1295,2025-09-10 12:01:00,Eskişehir,İç Anadolu,Kitap,İş Analitiği Rehberi,1,294.79,0.0,39.9,Kredi Kartı,VIP,4.0,5.0,Hayır,0.184,334.69,2025,9,10,Wednesday
1074,1092,SIP100593,MUS1020,2025-12-07 19:36:00,Kocaeli,Marmara,Ev Yaşam,Kahve Kupası,3,195.61,0.0,0.0,Kapıda Ödeme,Yeni,2.0,4.0,Hayır,0.398,586.83,2025,12,7,Sunday
1075,1093,SIP101390,MUS1002,2025-12-06 16:26:00,İstanbul,Marmara,Kozmetik,Nemlendirici,3,408.71,0.0,39.9,Kredi Kartı,Mevcut,3.0,4.0,Hayır,0.42,1266.03,2025,12,6,Saturday
1076,1094,SIP100395,MUS1366,2025-08-09 22:15:00,Bursa,Marmara,Kozmetik,Şampuan,5,190.9,0.0,39.9,Kredi Kartı,Yeni,3.0,5.0,Hayır,0.314,994.4,2025,8,9,Saturday
1077,1095,SIP101230,MUS1052,2024-10-09 11:56:00,Ankara,İç Anadolu,Kozmetik,Yüz Temizleme Jeli,2,285.02,0.05,39.9,Banka Kartı,Mevcut,2.0,3.0,Hayır,0.196,581.44,2024,10,9,Wednesday
1078,1096,SIP101070,MUS1374,2024-08-08 10:38:00,İstanbul,Marmara,Ev Yaşam,Saklama Kutusu,3,251.97,0.0,29.9,Banka Kartı,Mevcut,4.0,5.0,Hayır,0.293,785.81,2024,8,8,Thursday
1082,1100,SIP100736,MUS1209,2025-04-08 15:15:00,Bursa,Marmara,Kitap,Veri Bilimi 101,4,231.5,0.05,29.9,Kredi Kartı,Mevcut,5.0,3.0,Hayır,0.407,909.6,2025,4,8,Tuesday
1083,1101,SIP101269,MUS1179,2025-11-05 16:16:00,Konya,İç Anadolu,Kozmetik,Serum,2,509.93,0.0,39.9,Kredi Kartı,Yeni,4.0,3.0,Hayır,0.307,1059.76,2025,11,5,Wednesday
1084,1102,SIP100280,MUS1277,2024-11-02 10:36:00,Mersin,Akdeniz,Spor,Yoga Matı,1,701.61,0.0,39.9,Kredi Kartı,Mevcut,1.0,5.0,Hayır,0.34,741.51,2024,11,2,Saturday
1085,1103,SIP100338,MUS1038,2025-01-09 16:43:00,İstanbul,Marmara,Kozmetik,Şampuan,1,188.77,0.05,39.9,Kredi Kartı,Mevcut,6.0,4.0,Hayır,0.384,219.23,2025,1,9,Thursday
1086,1104,SIP100228,MUS1396,2025-08-10 18:34:00,Gaziantep,Güneydoğu Anadolu,Ofis,Defter Seti,4,157.48,0.0,49.9,Kredi Kartı,VIP,2.0,5.0,Hayır,0.322,679.82,2025,8,10,Sunday
1088,1106,SIP101231,MUS1306,2025-05-22 11:10:00,İstanbul,Marmara,Kitap,İş Analitiği Rehberi,3,285.85,0.1,49.9,Havale/EFT,Yeni,1.0,4.0,Hayır,0.334,821.7,2025,5,22,Thursday
1089,1107,SIP101117,MUS1324,2025-10-19 11:52:00,Samsun,Karadeniz,Ofis,Defter Seti,1,145.64,0.1,39.9,Kredi Kartı,Mevcut,5.0,5.0,Hayır,0.298,170.98,2025,10,19,Sunday
1090,1108,SIP100069,MUS1084,2024-06-20 17:38:00,Bursa,Marmara,Ofis,Mouse Pad,1,158.47,0.05,29.9,Dijital Cüzdan,Mevcut,4.0,4.0,Hayır,0.34,180.45,2024,6,20,Thursday
1091,1109,SIP101303,MUS1316,2024-03-28 11:49:00,Ankara,İç Anadolu,Kitap,İş Analitiği Rehberi,3,288.7,0.0,39.9,Banka Kartı,Mevcut,2.0,5.0,Hayır,0.284,906.0,2024,3,28,Thursday
1092,1110,SIP101233,MUS1243,2024-06-19 10:21:00,Ankara,İç Anadolu,Ofis,Defter Seti,1,152.3,0.15,49.9,Dijital Cüzdan,Yeni,2.0,3.0,Evet,0.305,179.36,2024,6,19,Wednesday
1093,1111,SIP101136,MUS1407,2024-12-27 13:31:00,Trabzon,Karadeniz,Ev Yaşam,Kahve Kupası,2,170.78,0.1,39.9,Kredi Kartı,Mevcut,5.0,4.0,Hayır,0.252,347.3,2024,12,27,Friday
1094,1112,SIP100025,MUS1143,2024-04-21 11:12:00,İstanbul,Marmara,Spor,Suluk,2,183.85,0.15,49.9,Kredi Kartı,Mevcut,4.0,5.0,Hayır,0.336,362.44,2024,4,21,Sunday
1095,1113,SIP100634,MUS1233,2024-01-06 17:56:00,İzmir,Ege,Spor,Spor Çantası,2,888.58,0.15,39.9,Kredi Kartı,Yeni,5.0,3.0,Hayır,0.211,1550.49,2024,1,6,Saturday
1096,1114,SIP100471,MUS1151,2025-08-25 16:47:00,Mersin,Akdeniz,Kitap,İş Analitiği Rehberi,5,294.84,0.0,49.9,Banka Kartı,Mevcut,5.0,4.0,Hayır,0.418,1524.1,2025,8,25,Monday
1097,1115,SIP100558,MUS1080,2025-07-06 11:51:00,Antalya,Akdeniz,Ofis,Not Tutucu,3,134.47,0.15,29.9,Kredi Kartı,Yeni,4.0,5.0,Hayır,0.358,372.8,2025,7,6,Sunday
1098,1116,SIP100294,MUS1108,2025-11-29 20:35:00,İstanbul,Marmara,Kozmetik,Nemlendirici,1,406.97,0.05,39.9,Kredi Kartı,Mevcut,4.0,5.0,Hayır,0.391,426.52,2025,11,29,Saturday
1099,1117,SIP100773,MUS1155,2024-06-20 16:20:00,İstanbul,Marmara,Elektronik,Powerbank,1,809.72,0.15,29.9,Dijital Cüzdan,Mevcut,5.0,4.0,Hayır,0.228,718.16,2024,6,20,Thursday
1101,1119,SIP101023,MUS1257,2024-07-12 22:27:00,Trabzon,Karadeniz,Elektronik,Powerbank,2,873.0,0.0,0.0,Kredi Kartı,Mevcut,3.0,5.0,Hayır,0.419,1746.0,2024,7,12,Friday
1102,1120,SIP100121,MUS1247,2025-05-28 22:17:00,Antalya,Akdeniz,Ofis,Kalem Seti,3,98.08,0.05,59.9,Kapıda Ödeme,Yeni,4.0,5.0,Hayır,0.407,339.43,2025,5,28,Wednesday
1103,1121,SIP100906,MUS1428,2025-08-09 12:36:00,Kayseri,İç Anadolu,Spor,Direnç Bandı,1,276.3,0.0,39.9,Kredi Kartı,Yeni,6.0,5.0,Hayır,0.403,316.2,2025,8,9,Saturday
1105,1123,SIP100180,MUS1306,2025-10-16 20:39:00,İstanbul,Marmara,Ev Yaşam,Kahve Kupası,1,182.92,0.05,49.9,Kredi Kartı,Yeni,3.0,5.0,Hayır,0.352,223.67,2025,10,16,Thursday
1107,1125,SIP100816,MUS1140,2025-05-12 16:27:00,Ankara,İç Anadolu,Ofis,Not Tutucu,1,141.97,0.2,39.9,Kredi Kartı,VIP,2.0,5.0,Hayır,0.259,153.48,2025,5,12,Monday
1108,1126,SIP100864,MUS1310,2024-12-15 22:55:00,Adana,Akdeniz,Kozmetik,Güneş Kremi,1,489.71,0.1,29.9,Kapıda Ödeme,Yeni,3.0,5.0,Evet,0.29,470.64,2024,12,15,Sunday
1110,1128,SIP101249,MUS1350,2024-06-26 17:27:00,Samsun,Karadeniz,Kozmetik,Güneş Kremi,2,495.45,0.05,29.9,Banka Kartı,Yeni,2.0,5.0,Hayır,0.24,971.25,2024,6,26,Wednesday
1111,1130,SIP100605,MUS1356,2025-06-19 20:16:00,Antalya,Akdeniz,Ev Yaşam,Organizer,3,248.85,0.05,49.9,Banka Kartı,Mevcut,2.0,4.0,Hayır,0.328,759.12,2025,6,19,Thursday
1112,1131,SIP101170,MUS1232,2024-03-26 10:04:00,Ankara,İç Anadolu,Kitap,Python Notları,1,222.21,0.15,29.9,Kredi Kartı,Yeni,6.0,4.0,Hayır,0.259,218.78,2024,3,26,Tuesday
1114,1133,SIP100551,MUS1186,2025-09-11 18:25:00,Ankara,İç Anadolu,Ofis,Mouse Pad,4,175.61,0.1,49.9,Kredi Kartı,Mevcut,3.0,3.0,Hayır,0.341,682.1,2025,9,11,Thursday
1116,1135,SIP101324,MUS1303,2024-09-04 19:18:00,Ankara,İç Anadolu,Spor,Spor Çantası,1,922.29,0.0,0.0,Kredi Kartı,VIP,3.0,3.0,Hayır,0.42,922.29,2024,9,4,Wednesday
1118,1137,SIP101218,MUS1442,2025-12-16 10:59:00,Kocaeli,Marmara,Spor,Suluk,3,203.94,0.2,39.9,Kredi Kartı,Mevcut,6.0,3.0,Hayır,0.286,529.36,2025,12,16,Tuesday
1120,1139,SIP100433,MUS1214,2024-02-19 18:06:00,Antalya,Akdeniz,Elektronik,Powerbank,3,847.51,0.05,49.9,Banka Kartı,Yeni,3.0,5.0,Hayır,0.268,2592.43,2024,2,19,Monday
1121,1140,SIP100277,MUS1271,2025-10-22 20:21:00,İstanbul,Marmara,Spor,Direnç Bandı,5,235.35,0.0,39.9,Banka Kartı,Mevcut,5.0,5.0,Hayır,0.326,1216.65,2025,10,22,Wednesday
1123,1142,SIP100292,MUS1356,2025-05-05 13:11:00,Ankara,İç Anadolu,Kozmetik,Nemlendirici,1,397.19,0.1,59.9,Dijital Cüzdan,Mevcut,1.0,4.0,Hayır,0.253,417.37,2025,5,5,Monday
1124,1143,SIP100902,MUS1287,2024-04-30 19:13:00,Trabzon,Karadeniz,Kozmetik,Serum,1,551.1,0.0,39.9,Kredi Kartı,Yeni,6.0,5.0,Hayır,0.183,591.0,2024,4,30,Tuesday
1125,1144,SIP100449,MUS1446,2024-01-12 18:59:00,Eskişehir,İç Anadolu,Kozmetik,Yüz Temizleme Jeli,1,309.1,0.1,49.9,Kredi Kartı,Mevcut,5.0,5.0,Hayır,0.362,328.09,2024,1,12,Friday
1126,1145,SIP101197,MUS1248,2025-10-08 17:54:00,İstanbul,Marmara,Ev Yaşam,Organizer,3,279.36,0.0,29.9,Kredi Kartı,VIP,2.0,4.0,Hayır,0.4,867.98,2025,10,8,Wednesday
1127,1146,SIP101241,MUS1170,2025-04-05 22:33:00,Trabzon,Karadeniz,Kitap,Girişimcilik,3,192.8,0.0,39.9,Kredi Kartı,VIP,1.0,4.0,Hayır,0.415,618.3,2025,4,5,Saturday
1129,1148,SIP100240,MUS1032,2025-08-19 19:36:00,Gaziantep,Güneydoğu Anadolu,Ofis,Mouse Pad,2,154.56,0.15,29.9,Kredi Kartı,Mevcut,6.0,4.0,Hayır,0.279,292.65,2025,8,19,Tuesday
1130,1149,SIP101333,MUS1293,2024-07-18 08:31:00,Eskişehir,İç Anadolu,Kozmetik,Serum,2,558.41,0.2,49.9,Kapıda Ödeme,Yeni,1.0,4.0,Hayır,0.216,943.36,2024,7,18,Thursday
1133,1152,SIP100020,MUS1265,2025-12-31 12:25:00,Gaziantep,Güneydoğu Anadolu,Kitap,Python Notları,2,232.96,0.0,59.9,Dijital Cüzdan,Mevcut,4.0,4.0,Hayır,0.225,525.82,2025,12,31,Wednesday
1136,1155,SIP100964,MUS1432,2025-02-09 11:19:00,Eskişehir,İç Anadolu,Spor,Dambıl Seti,1,1574.62,0.1,39.9,Kredi Kartı,Mevcut,4.0,5.0,Hayır,0.381,1457.06,2025,2,9,Sunday
1138,1157,SIP101336,MUS1263,2024-03-17 13:10:00,Mersin,Akdeniz,Kitap,Python Notları,3,226.34,0.0,39.9,Kredi Kartı,Yeni,5.0,4.0,Hayır,0.22,718.92,2024,3,17,Sunday
1140,1159,SIP101187,MUS1201,2024-11-21 13:10:00,Kayseri,İç Anadolu,Kozmetik,Serum,5,516.46,0.1,39.9,Dijital Cüzdan,VIP,4.0,4.0,Hayır,0.267,2363.97,2024,11,21,Thursday
1141,1160,SIP101122,MUS1418,2025-01-12 10:57:00,Ankara,İç Anadolu,Kitap,Zaman Yönetimi,2,144.14,0.0,0.0,Kredi Kartı,Mevcut,2.0,5.0,Hayır,0.201,288.28,2025,1,12,Sunday
1142,1161,SIP101196,MUS1153,2025-01-19 22:20:00,İstanbul,Marmara,Kitap,Zaman Yönetimi,1,152.49,0.1,49.9,Banka Kartı,Mevcut,4.0,5.0,Hayır,0.204,187.14,2025,1,19,Sunday
1145,1164,SIP100750,MUS1249,2025-10-22 13:26:00,İstanbul,Marmara,Ev Yaşam,Organizer,3,248.98,0.0,29.9,Banka Kartı,Mevcut,2.0,5.0,Hayır,0.35,776.84,2025,10,22,Wednesday
1146,1165,SIP100756,MUS1260,2025-04-14 22:20:00,İzmir,Ege,Spor,Dambıl Seti,2,1470.47,0.0,49.9,Kredi Kartı,VIP,4.0,4.0,Hayır,0.403,2990.84,2025,4,14,Monday
1147,1166,SIP101049,MUS1018,2025-09-07 12:09:00,Bursa,Marmara,Spor,Dambıl Seti,1,1662.24,0.0,39.9,Havale/EFT,Mevcut,2.0,5.0,Hayır,0.308,1702.14,2025,9,7,Sunday
1149,1168,SIP100662,MUS1415,2025-09-23 13:19:00,Konya,İç Anadolu,Kitap,Zaman Yönetimi,1,171.66,0.05,49.9,Kredi Kartı,Yeni,6.0,4.0,Hayır,0.192,212.98,2025,9,23,Tuesday
1150,1169,SIP101306,MUS1033,2024-02-29 17:05:00,Kayseri,İç Anadolu,Ev Yaşam,Kahve Kupası,1,171.63,0.0,39.9,Kredi Kartı,Mevcut,2.0,5.0,Hayır,0.203,211.53,2024,2,29,Thursday
1151,1170,SIP101107,MUS1191,2025-01-04 19:51:00,Adana,Akdeniz,Ev Yaşam,Saklama Kutusu,1,239.98,0.05,49.9,Kredi Kartı,Mevcut,5.0,5.0,Hayır,0.365,277.88,2025,1,4,Saturday
1153,1172,SIP100935,MUS1389,2025-02-20 12:07:00,İstanbul,Marmara,Ofis,Not Tutucu,2,131.61,0.0,39.9,Havale/EFT,Mevcut,2.0,5.0,Hayır,0.253,303.12,2025,2,20,Thursday
1154,1173,SIP100870,MUS1427,2024-01-21 21:28:00,İzmir,Ege,Spor,Direnç Bandı,3,237.42,0.0,39.9,Banka Kartı,Yeni,2.0,3.0,Hayır,0.327,752.16,2024,1,21,Sunday
1155,1174,SIP101319,MUS1398,2024-08-23 17:52:00,Konya,İç Anadolu,Spor,Direnç Bandı,1,252.38,0.05,49.9,Kapıda Ödeme,Yeni,5.0,4.0,Hayır,0.294,289.66,2024,8,23,Friday
1156,1175,SIP100893,MUS1388,2025-07-07 12:13:00,Gaziantep,Güneydoğu Anadolu,Ev Yaşam,Organizer,1,241.62,0.15,49.9,Kredi Kartı,Mevcut,4.0,4.0,Hayır,0.267,255.28,2025,7,7,Monday
1157,1176,SIP100874,MUS1148,2025-05-21 17:41:00,İzmir,Ege,Spor,Yoga Matı,4,688.23,0.0,29.9,Kredi Kartı,Mevcut,5.0,5.0,Evet,0.387,2782.82,2025,5,21,Wednesday
1158,1177,SIP100614,MUS1351,2024-12-03 15:34:00,İzmir,Ege,Ofis,Kalem Seti,1,93.11,0.0,29.9,Kredi Kartı,Mevcut,2.0,4.0,Hayır,0.412,123.01,2024,12,3,Tuesday
1159,1178,SIP101101,MUS1118,2025-09-17 10:12:00,İstanbul,Marmara,Kitap,Girişimcilik,1,186.43,0.1,39.9,Kredi Kartı,Mevcut,4.0,4.0,Hayır,0.31,207.69,2025,9,17,Wednesday
1160,1179,SIP100389,MUS1282,2024-09-28 18:18:00,Antalya,Akdeniz,Kitap,Girişimcilik,2,211.42,0.05,39.9,Kredi Kartı,Yeni,4.0,3.0,Hayır,0.261,441.6,2024,9,28,Saturday
1161,1180,SIP100937,MUS1169,2024-08-19 19:27:00,Ankara,İç Anadolu,Kozmetik,Yüz Temizleme Jeli,1,339.41,0.0,49.9,Dijital Cüzdan,VIP,3.0,5.0,Hayır,0.338,389.31,2024,8,19,Monday
1162,1181,SIP100407,MUS1017,2024-01-30 10:12:00,İzmir,Ege,Kozmetik,Serum,1,585.35,0.0,59.9,Dijital Cüzdan,Yeni,3.0,4.0,Evet,0.196,645.25,2024,1,30,Tuesday
1166,1185,SIP101024,MUS1046,2025-08-23 12:46:00,Trabzon,Karadeniz,Kitap,Zaman Yönetimi,1,163.29,0.0,29.9,Kredi Kartı,Mevcut,4.0,3.0,Hayır,0.248,193.19,2025,8,23,Saturday
1167,1186,SIP101056,MUS1439,2024-08-11 20:47:00,Ankara,İç Anadolu,Ev Yaşam,Masa Lambası,1,636.35,0.0,49.9,Kredi Kartı,Mevcut,3.0,4.0,Hayır,0.289,686.25,2024,8,11,Sunday
1169,1188,SIP100247,MUS1419,2025-07-26 15:43:00,İzmir,Ege,Kozmetik,Yüz Temizleme Jeli,1,284.62,0.0,49.9,Kapıda Ödeme,Mevcut,1.0,4.0,Hayır,0.391,334.52,2025,7,26,Saturday
1170,1189,SIP100146,MUS1036,2024-12-13 13:00:00,İstanbul,Marmara,Ofis,Mouse Pad,2,165.76,0.2,39.9,Kredi Kartı,Yeni,2.0,5.0,Hayır,0.235,305.12,2024,12,13,Friday
1171,1190,SIP101327,MUS1225,2024-01-08 17:37:00,Samsun,Karadeniz,Elektronik,Bluetooth Hoparlör,1,1249.07,0.0,39.9,Kredi Kartı,Mevcut,5.0,4.0,Hayır,0.405,1288.97,2024,1,8,Monday
1172,1191,SIP101153,MUS1050,2024-11-18 20:25:00,Samsun,Karadeniz,Kozmetik,Nemlendirici,2,389.38,0.05,29.9,Kredi Kartı,Mevcut,1.0,4.0,Hayır,0.26,769.72,2024,11,18,Monday
1173,1192,SIP101310,MUS1167,2024-04-21 09:32:00,İstanbul,Marmara,Ev Yaşam,Saklama Kutusu,4,238.66,0.0,29.9,Kredi Kartı,Mevcut,2.0,4.0,Hayır,0.241,984.54,2024,4,21,Sunday
1175,1194,SIP101396,MUS1300,2025-04-05 21:40:00,Antalya,Akdeniz,Ofis,Kalem Seti,2,98.39,0.05,0.0,Havale/EFT,Yeni,4.0,4.0,Hayır,0.409,186.94,2025,4,5,Saturday
1178,1197,SIP101350,MUS1411,2024-07-22 10:53:00,Bursa,Marmara,Ofis,Kalem Seti,1,100.9,0.1,49.9,Banka Kartı,Mevcut,5.0,4.0,Hayır,0.258,140.71,2024,7,22,Monday
1179,1198,SIP100091,MUS1148,2024-03-02 10:50:00,Eskişehir,İç Anadolu,Ev Yaşam,Termos,3,505.92,0.1,29.9,Kredi Kartı,Mevcut,5.0,3.0,Hayır,0.235,1395.88,2024,3,2,Saturday
1180,1199,SIP100493,MUS1003,2024-06-05 17:36:00,Konya,İç Anadolu,Ofis,Kalem Seti,1,99.34,0.0,49.9,Kredi Kartı,Yeni,3.0,5.0,Hayır,0.412,149.24,2024,6,5,Wednesday
1181,1200,SIP100171,MUS1228,2024-06-18 19:28:00,İstanbul,Marmara,Kitap,Girişimcilik,2,196.28,0.0,39.9,Kredi Kartı,Mevcut,2.0,5.0,Hayır,0.413,432.46,2024,6,18,Tuesday
1182,1201,SIP100057,MUS1163,2025-04-12 10:51:00,İstanbul,Marmara,Ev Yaşam,Termos,5,515.88,0.05,39.9,Kredi Kartı,Mevcut,3.0,4.0,Hayır,0.32,2490.33,2025,4,12,Saturday
1183,1202,SIP100405,MUS1422,2024-10-02 19:26:00,Trabzon,Karadeniz,Spor,Suluk,3,213.99,0.0,29.9,Banka Kartı,Yeni,2.0,4.0,Hayır,0.187,671.87,2024,10,2,Wednesday
1186,1205,SIP100098,MUS1227,2025-02-27 08:12:00,Konya,İç Anadolu,Kozmetik,Şampuan,1,192.99,0.0,39.9,Kredi Kartı,Mevcut,1.0,3.0,Hayır,0.222,232.89,2025,2,27,Thursday
1187,1206,SIP100827,MUS1252,2025-10-21 14:50:00,Eskişehir,İç Anadolu,Kitap,İş Analitiği Rehberi,2,294.91,0.05,29.9,Kredi Kartı,Mevcut,3.0,4.0,Hayır,0.274,590.23,2025,10,21,Tuesday
1188,1207,SIP101141,MUS1218,2024-05-21 09:44:00,İstanbul,Marmara,Ev Yaşam,Termos,3,453.82,0.1,29.9,Havale/EFT,Mevcut,3.0,4.0,Evet,0.294,1255.21,2024,5,21,Tuesday
1189,1208,SIP100480,MUS1323,2024-06-20 20:34:00,Ankara,İç Anadolu,Elektronik,Kablosuz Kulaklık,1,1468.25,0.05,39.9,Banka Kartı,Mevcut,2.0,4.0,Hayır,0.275,1434.74,2024,6,20,Thursday
1191,1210,SIP101272,MUS1227,2024-03-06 08:39:00,Gaziantep,Güneydoğu Anadolu,Spor,Direnç Bandı,2,254.18,0.05,49.9,Kredi Kartı,Yeni,3.0,5.0,Hayır,0.349,526.9,2024,3,6,Wednesday
1192,1211,SIP100099,MUS1015,2025-07-16 10:59:00,Gaziantep,Güneydoğu Anadolu,Ev Yaşam,Saklama Kutusu,2,249.55,0.0,49.9,Kredi Kartı,VIP,3.0,5.0,Hayır,0.216,549.0,2025,7,16,Wednesday
1193,1213,SIP100425,MUS1003,2024-03-23 15:21:00,Ankara,İç Anadolu,Kitap,Python Notları,1,213.8,0.0,59.9,Banka Kartı,Yeni,1.0,4.0,Hayır,0.373,273.7,2024,3,23,Saturday
1194,1214,SIP100297,MUS1056,2025-01-03 19:57:00,Adana,Akdeniz,Kozmetik,Yüz Temizleme Jeli,1,297.94,0.15,0.0,Kapıda Ödeme,Mevcut,3.0,5.0,Hayır,0.296,253.25,2025,1,3,Friday
1195,1215,SIP100738,MUS1405,2024-01-25 15:29:00,Adana,Akdeniz,Kozmetik,Serum,2,483.48,0.0,0.0,Havale/EFT,Mevcut,5.0,5.0,Hayır,0.369,966.96,2024,1,25,Thursday
1196,1216,SIP101342,MUS1247,2025-11-15 15:31:00,Kayseri,İç Anadolu,Ev Yaşam,Saklama Kutusu,3,213.23,0.05,39.9,Havale/EFT,Mevcut,6.0,5.0,Hayır,0.378,647.61,2025,11,15,Saturday
1198,1218,SIP100602,MUS1351,2025-03-28 17:09:00,İstanbul,Marmara,Ofis,Kalem Seti,1,107.86,0.0,39.9,Kredi Kartı,VIP,3.0,3.0,Hayır,0.35,147.76,2025,3,28,Friday
1200,1220,SIP101287,MUS1360,2025-07-19 15:03:00,Adana,Akdeniz,Kitap,Veri Bilimi 101,1,247.68,0.2,39.9,Kredi Kartı,Mevcut,5.0,4.0,Hayır,0.317,238.04,2025,7,19,Saturday
1201,1221,SIP100396,MUS1086,2025-08-08 18:39:00,İstanbul,Marmara,Kozmetik,Serum,1,517.39,0.0,29.9,Kredi Kartı,VIP,5.0,4.0,Hayır,0.291,547.29,2025,8,8,Friday
1202,1222,SIP100427,MUS1008,2025-03-15 15:24:00,İzmir,Ege,Spor,Direnç Bandı,1,242.92,0.1,29.9,Kredi Kartı,Mevcut,2.0,5.0,Hayır,0.318,248.53,2025,3,15,Saturday
1203,1223,SIP101284,MUS1283,2024-12-20 09:26:00,Eskişehir,İç Anadolu,Kitap,Veri Bilimi 101,4,269.71,0.0,39.9,Banka Kartı,Mevcut,2.0,4.0,Evet,0.303,1118.74,2024,12,20,Friday
1204,1224,SIP101039,MUS1281,2024-02-02 10:31:00,Kocaeli,Marmara,Kitap,Girişimcilik,2,215.03,0.0,39.9,Havale/EFT,Yeni,4.0,4.0,Hayır,0.307,469.96,2024,2,2,Friday
1205,1225,SIP100253,MUS1215,2024-07-12 22:56:00,Bursa,Marmara,Ev Yaşam,Saklama Kutusu,2,225.73,0.05,29.9,Havale/EFT,Yeni,4.0,4.0,Hayır,0.412,458.79,2024,7,12,Friday
1206,1226,SIP100239,MUS1229,2024-05-23 15:20:00,İzmir,Ege,Elektronik,Bluetooth Hoparlör,1,1263.86,0.0,39.9,Dijital Cüzdan,Yeni,3.0,5.0,Hayır,0.196,1303.76,2024,5,23,Thursday
1207,1227,SIP101145,MUS1006,2024-03-02 22:41:00,İstanbul,Marmara,Elektronik,Bluetooth Hoparlör,2,1190.88,0.1,59.9,Kredi Kartı,Mevcut,3.0,4.0,Hayır,0.207,2203.48,2024,3,2,Saturday
1208,1228,SIP100845,MUS1078,2024-11-16 14:57:00,Mersin,Akdeniz,Ofis,Kalem Seti,1,93.66,0.1,39.9,Kredi Kartı,Mevcut,3.0,5.0,Hayır,0.238,124.19,2024,11,16,Saturday
1209,1229,SIP100846,MUS1084,2024-02-24 11:09:00,Antalya,Akdeniz,Kitap,Zaman Yönetimi,1,165.05,0.05,49.9,Kredi Kartı,Yeni,1.0,5.0,Hayır,0.37,206.7,2024,2,24,Saturday
1210,1230,SIP100555,MUS1340,2025-03-29 18:08:00,Ankara,İç Anadolu,Ev Yaşam,Saklama Kutusu,2,215.11,0.0,49.9,Kredi Kartı,Mevcut,3.0,5.0,Evet,0.386,480.12,2025,3,29,Saturday
1211,1231,SIP101221,MUS1111,2025-12-12 09:04:00,Mersin,Akdeniz,Ev Yaşam,Masa Lambası,3,668.18,0.1,39.9,Dijital Cüzdan,Yeni,4.0,4.0,Evet,0.349,1843.99,2025,12,12,Friday
1213,1233,SIP100251,MUS1428,2024-05-01 10:34:00,Kayseri,İç Anadolu,Ev Yaşam,Saklama Kutusu,3,244.62,0.05,29.9,Kredi Kartı,Yeni,5.0,4.0,Hayır,0.386,727.07,2024,5,1,Wednesday
1214,1234,SIP100740,MUS1042,2024-10-03 19:39:00,Antalya,Akdeniz,Ofis,Not Tutucu,1,138.33,0.05,49.9,Banka Kartı,Mevcut,6.0,4.0,Hayır,0.267,181.31,2024,10,3,Thursday
1215,1235,SIP100965,MUS1022,2024-05-17 20:05:00,İzmir,Ege,Kozmetik,Yüz Temizleme Jeli,2,284.81,0.0,29.9,Kredi Kartı,Mevcut,2.0,4.0,Hayır,0.398,599.52,2024,5,17,Friday
1216,1236,SIP100199,MUS1185,2024-08-17 09:12:00,Konya,İç Anadolu,Ofis,Kalem Seti,4,109.97,0.15,39.9,Havale/EFT,Yeni,3.0,5.0,Hayır,0.388,413.8,2024,8,17,Saturday
1217,1237,SIP100898,MUS1051,2024-04-17 13:33:00,İstanbul,Güneydoğu Anadolu,Kozmetik,Nemlendirici,1,370.22,0.0,49.9,Banka Kartı,Mevcut,4.0,4.0,Hayır,0.35,420.12,2024,4,17,Wednesday
1218,1238,SIP101261,MUS1326,2025-09-19 18:28:00,Ankara,İç Anadolu,Kozmetik,Güneş Kremi,3,452.58,0.15,29.9,Kapıda Ödeme,Mevcut,3.0,4.0,Hayır,0.334,1183.98,2025,9,19,Friday
1219,1240,SIP100990,MUS1129,2025-01-25 13:47:00,Adana,Akdeniz,Kitap,Zaman Yönetimi,1,151.07,0.0,39.9,Kredi Kartı,Yeni,4.0,5.0,Evet,0.249,190.97,2025,1,25,Saturday
1220,1241,SIP101041,MUS1197,2024-04-18 14:45:00,Samsun,Karadeniz,Kitap,Veri Bilimi 101,2,257.15,0.0,49.9,Kredi Kartı,VIP,3.0,5.0,Hayır,0.418,481.32,2024,4,18,Thursday
1223,1244,SIP100067,MUS1021,2025-07-06 08:22:00,Mersin,Akdeniz,Spor,Yoga Matı,2,727.55,0.05,59.9,Kredi Kartı,Yeni,3.0,4.0,Hayır,0.29,1442.24,2025,7,6,Sunday
1224,1245,SIP101362,MUS1138,2024-06-03 08:20:00,İzmir,Ege,Kitap,İş Analitiği Rehberi,4,303.04,0.0,39.9,Havale/EFT,Mevcut,5.0,5.0,Hayır,0.246,1252.06,2024,6,3,Monday
1225,1246,SIP100934,MUS1333,2025-11-28 16:56:00,Adana,Akdeniz,Kozmetik,Güneş Kremi,3,442.51,0.15,39.9,Kredi Kartı,VIP,7.0,4.0,Hayır,0.199,1168.3,2025,11,28,Friday
1227,1248,SIP100096,MUS1282,2025-02-25 19:31:00,Adana,Akdeniz,Ev Yaşam,Saklama Kutusu,3,239.52,0.15,39.9,Kredi Kartı,VIP,4.0,5.0,Hayır,0.276,650.68,2025,2,25,Tuesday
1228,1249,SIP101386,MUS1364,2024-05-14 09:26:00,İstanbul,Marmara,Kitap,Python Notları,4,202.08,0.05,39.9,Kapıda Ödeme,Yeni,2.0,5.0,Hayır,0.188,807.8,2024,5,14,Tuesday
1229,1250,SIP101400,MUS1173,2025-10-06 13:55:00,Eskişehir,İç Anadolu,Ofis,Defter Seti,1,162.41,0.1,49.9,Dijital Cüzdan,Yeni,3.0,3.0,Hayır,0.24,196.07,2025,10,6,Monday
1230,1251,SIP100522,MUS1357,2024-04-12 11:32:00,Gaziantep,Güneydoğu Anadolu,Spor,Dambıl Seti,1,1398.2,0.1,59.9,Kredi Kartı,Yeni,2.0,4.0,Hayır,0.265,1318.28,2024,4,12,Friday
1233,1255,SIP100485,MUS1392,2025-05-29 09:18:00,Adana,Akdeniz,Elektronik,Webcam,2,831.76,0.2,29.9,Havale/EFT,Yeni,4.0,4.0,Evet,0.388,1360.72,2025,5,29,Thursday
1235,1257,SIP100312,MUS1254,2025-05-11 10:12:00,İstanbul,Marmara,Ofis,Defter Seti,1,144.79,0.0,39.9,Kapıda Ödeme,VIP,2.0,5.0,Hayır,0.195,184.69,2025,5,11,Sunday
1236,1258,SIP100843,MUS1060,2025-04-24 10:05:00,İstanbul,Marmara,Spor,Suluk,1,207.68,0.05,49.9,Kredi Kartı,Mevcut,3.0,5.0,Hayır,0.189,247.2,2025,4,24,Thursday
1237,1259,SIP100414,MUS1192,2025-08-21 09:00:00,Adana,Akdeniz,Kozmetik,Şampuan,1,199.24,0.1,39.9,Kredi Kartı,Mevcut,4.0,5.0,Hayır,0.22,219.22,2025,8,21,Thursday
1238,1260,SIP101158,MUS1050,2025-09-17 17:04:00,Adana,Akdeniz,Ev Yaşam,Masa Lambası,3,603.96,0.0,49.9,Dijital Cüzdan,Mevcut,3.0,3.0,Hayır,0.212,1861.78,2025,9,17,Wednesday
1239,1261,SIP100032,MUS1203,2024-11-19 22:16:00,Konya,İç Anadolu,Kozmetik,Serum,3,517.21,0.1,49.9,Kredi Kartı,Mevcut,3.0,5.0,Hayır,0.399,1446.37,2024,11,19,Tuesday
1241,1263,SIP100459,MUS1400,2024-02-19 16:59:00,Trabzon,Karadeniz,Elektronik,Powerbank,1,870.14,0.05,39.9,Kredi Kartı,Mevcut,5.0,4.0,Hayır,0.23,866.53,2024,2,19,Monday
1242,1264,SIP101186,MUS1192,2024-01-05 22:58:00,Ankara,İç Anadolu,Spor,Dambıl Seti,1,1511.06,0.05,49.9,Kredi Kartı,Yeni,6.0,5.0,Hayır,0.33,1485.41,2024,1,5,Friday
1243,1265,SIP100340,MUS1143,2025-03-09 19:25:00,Konya,İç Anadolu,Kozmetik,Şampuan,4,183.91,0.1,39.9,Kredi Kartı,Mevcut,4.0,4.0,Hayır,0.361,701.98,2025,3,9,Sunday
1245,1267,SIP100868,MUS1276,2025-10-26 10:41:00,Kayseri,İç Anadolu,Ev Yaşam,Kahve Kupası,1,186.51,0.0,49.9,Kredi Kartı,Mevcut,6.0,5.0,Hayır,0.407,236.41,2025,10,26,Sunday
1246,1268,SIP100950,MUS1172,2025-12-12 19:29:00,İstanbul,Marmara,Ev Yaşam,Kahve Kupası,1,166.71,0.15,29.9,Banka Kartı,Yeni,5.0,5.0,Hayır,0.394,171.6,2025,12,12,Friday
1247,1269,SIP100140,MUS1035,2024-11-16 18:16:00,Gaziantep,Güneydoğu Anadolu,Ofis,Not Tutucu,2,130.87,0.1,49.9,Kredi Kartı,Yeni,3.0,5.0,Hayır,0.262,285.47,2024,11,16,Saturday
1252,1275,SIP100732,MUS1284,2024-06-09 20:50:00,Ankara,İç Anadolu,Ofis,Kalem Seti,1,98.07,0.0,29.9,Banka Kartı,Mevcut,3.0,4.0,Hayır,0.311,127.97,2024,6,9,Sunday
1253,1276,SIP100265,MUS1255,2025-04-22 16:41:00,Antalya,Akdeniz,Ofis,Not Tutucu,3,135.67,0.0,49.9,Kredi Kartı,Yeni,2.0,3.0,Hayır,0.183,456.91,2025,4,22,Tuesday
1254,1277,SIP100275,MUS1435,2025-04-15 17:15:00,İzmir,Ege,Ofis,Not Tutucu,1,134.85,0.05,39.9,Dijital Cüzdan,Yeni,4.0,4.0,Hayır,0.201,168.01,2025,4,15,Tuesday
1256,1279,SIP100445,MUS1248,2024-01-30 21:43:00,İzmir,Ege,Ofis,Kalem Seti,1,110.1,0.15,49.9,Dijital Cüzdan,Mevcut,2.0,5.0,Hayır,0.182,143.48,2024,1,30,Tuesday
1257,1280,SIP100040,MUS1408,2025-01-13 17:35:00,Eskişehir,İç Anadolu,Kozmetik,Yüz Temizleme Jeli,2,291.06,0.0,49.9,Kredi Kartı,Yeni,3.0,5.0,Hayır,0.191,632.02,2025,1,13,Monday
1258,1281,SIP101123,MUS1091,2025-05-17 19:11:00,Kayseri,İç Anadolu,Ev Yaşam,Organizer,3,271.13,0.1,39.9,Banka Kartı,Yeni,3.0,4.0,Hayır,0.309,771.95,2025,5,17,Saturday
1259,1282,SIP101265,MUS1371,2025-03-31 08:58:00,Konya,İç Anadolu,Kitap,Girişimcilik,1,183.66,0.05,39.9,Dijital Cüzdan,VIP,4.0,5.0,Hayır,0.219,214.38,2025,3,31,Monday
1260,1283,SIP100022,MUS1343,2024-03-10 22:02:00,Adana,Akdeniz,Elektronik,Bluetooth Hoparlör,1,1180.22,0.0,29.9,Kapıda Ödeme,Yeni,1.0,5.0,Hayır,0.391,1210.12,2024,3,10,Sunday
1261,1284,SIP100706,MUS1433,2024-01-04 16:45:00,Ankara,İç Anadolu,Spor,Spor Çantası,2,907.39,0.0,39.9,Dijital Cüzdan,Mevcut,4.0,5.0,Hayır,0.286,1854.68,2024,1,4,Thursday
1262,1285,SIP100518,MUS1162,2025-06-19 09:33:00,Gaziantep,Güneydoğu Anadolu,Elektronik,Powerbank,2,887.75,0.0,0.0,Kredi Kartı,Mevcut,4.0,3.0,Hayır,0.39,1775.5,2025,6,19,Thursday
1263,1286,SIP101174,MUS1163,2024-11-27 18:52:00,Adana,Akdeniz,Kozmetik,Nemlendirici,1,366.82,0.0,49.9,Dijital Cüzdan,Mevcut,2.0,3.0,Hayır,0.386,416.72,2024,11,27,Wednesday
1264,1287,SIP100355,MUS1433,2025-05-18 08:09:00,Bursa,Marmara,Ev Yaşam,Kahve Kupası,1,176.16,0.0,39.9,Havale/EFT,Yeni,5.0,4.0,Hayır,0.407,216.06,2025,5,18,Sunday
1265,1288,SIP100298,MUS1205,2024-06-19 18:39:00,Kocaeli,Marmara,Kitap,İş Analitiği Rehberi,4,284.06,0.0,39.9,Kredi Kartı,VIP,2.0,4.0,Hayır,0.273,1176.14,2024,6,19,Wednesday
1266,1289,SIP101077,MUS1051,2025-06-25 13:44:00,Antalya,Akdeniz,Spor,Yoga Matı,2,744.93,0.05,49.9,Banka Kartı,Yeni,4.0,3.0,Hayır,0.2,1465.27,2025,6,25,Wednesday
1268,1291,SIP101223,MUS1187,2025-11-02 10:54:00,Ankara,İç Anadolu,Ofis,Not Tutucu,3,124.69,0.0,29.9,Kredi Kartı,VIP,2.0,5.0,Hayır,0.185,403.97,2025,11,2,Sunday
1269,1292,SIP100925,MUS1244,2024-12-02 08:58:00,Ankara,İç Anadolu,Spor,Spor Çantası,2,881.88,0.05,49.9,Havale/EFT,Mevcut,1.0,4.0,Evet,0.334,1725.47,2024,12,2,Monday
1270,1293,SIP100123,MUS1189,2025-01-09 09:50:00,Adana,Akdeniz,Spor,Spor Çantası,1,821.09,0.1,39.9,Kredi Kartı,Yeni,3.0,4.0,Hayır,0.309,778.88,2025,1,9,Thursday
1271,1294,SIP101228,MUS1253,2024-07-17 12:12:00,Konya,İç Anadolu,Kitap,Zaman Yönetimi,1,166.23,0.0,39.9,Kredi Kartı,Mevcut,3.0,5.0,Hayır,0.38,206.13,2024,7,17,Wednesday
1272,1295,SIP101092,MUS1211,2024-04-13 14:31:00,İstanbul,Marmara,Ofis,Defter Seti,2,153.68,0.0,59.9,Kredi Kartı,Mevcut,1.0,4.0,Hayır,0.353,367.26,2024,4,13,Saturday
1274,1297,SIP101152,MUS1145,2024-02-19 13:05:00,İstanbul,Marmara,Spor,Yoga Matı,4,729.73,0.0,59.9,Kredi Kartı,Yeni,3.0,4.0,Hayır,0.286,2978.82,2024,2,19,Monday
1275,1298,SIP101164,MUS1193,2024-09-07 19:52:00,İstanbul,Marmara,Kitap,Veri Bilimi 101,1,268.48,0.0,39.9,Banka Kartı,Yeni,2.0,3.0,Hayır,0.347,308.38,2024,9,7,Saturday
1277,1300,SIP100967,MUS1257,2024-08-27 12:41:00,İzmir,Ege,Ev Yaşam,Kahve Kupası,3,185.6,0.0,59.9,Kredi Kartı,VIP,6.0,3.0,Hayır,0.342,616.7,2024,8,27,Tuesday
1279,1302,SIP100158,MUS1230,2024-06-30 20:40:00,İstanbul,Marmara,Kitap,Veri Bilimi 101,2,266.89,0.0,0.0,Kredi Kartı,Mevcut,3.0,5.0,Hayır,0.336,533.78,2024,6,30,Sunday
1280,1303,SIP101119,MUS1276,2024-12-30 11:46:00,Ankara,İç Anadolu,Elektronik,Kablosuz Kulaklık,1,1566.62,0.0,39.9,Dijital Cüzdan,Yeni,4.0,3.0,Hayır,0.289,1606.52,2024,12,30,Monday
1281,1304,SIP101280,MUS1274,2025-12-21 13:04:00,Samsun,Karadeniz,Ofis,Not Tutucu,4,131.84,0.0,0.0,Dijital Cüzdan,Yeni,3.0,4.0,Hayır,0.313,489.47,2025,12,21,Sunday
1282,1305,SIP101064,MUS1266,2025-02-07 16:52:00,İzmir,Ege,Kitap,Veri Bilimi 101,1,252.8,0.0,39.9,Banka Kartı,Mevcut,4.0,3.0,Hayır,0.302,292.7,2025,2,7,Friday
1283,1306,SIP101155,MUS1368,2024-06-14 10:43:00,Antalya,Akdeniz,Elektronik,Webcam,3,960.14,0.1,29.9,Kredi Kartı,VIP,6.0,4.0,Hayır,0.38,2622.28,2024,6,14,Friday
1284,1308,SIP100190,MUS1219,2024-04-15 09:20:00,İstanbul,Marmara,Ofis,Mouse Pad,1,170.67,0.0,49.9,Banka Kartı,Yeni,1.0,5.0,Hayır,0.418,220.57,2024,4,15,Monday
1285,1309,SIP100590,MUS1284,2024-11-18 08:49:00,Ankara,İç Anadolu,Ev Yaşam,Masa Lambası,1,689.07,0.1,49.9,Kapıda Ödeme,Mevcut,3.0,4.0,Hayır,0.313,670.06,2024,11,18,Monday
1286,1310,SIP100761,MUS1185,2025-05-17 13:38:00,Trabzon,Karadeniz,Spor,Dambıl Seti,1,1477.31,0.0,39.9,Banka Kartı,VIP,3.0,4.0,Hayır,0.341,1517.21,2025,5,17,Saturday
1287,1311,SIP101063,MUS1095,2024-05-08 09:20:00,Adana,Akdeniz,Ofis,Kalem Seti,1,102.32,0.05,39.9,Kredi Kartı,VIP,3.0,5.0,Hayır,0.395,137.1,2024,5,8,Wednesday
1288,1312,SIP100243,MUS1112,2025-12-19 16:58:00,Trabzon,Karadeniz,Ofis,Not Tutucu,2,146.36,0.0,29.9,Kredi Kartı,Mevcut,3.0,4.0,Hayır,0.384,322.62,2025,12,19,Friday
1289,1313,SIP100885,MUS1137,2024-09-08 21:51:00,İzmir,Ege,Spor,Yoga Matı,1,677.75,0.15,0.0,Kredi Kartı,Yeni,1.0,3.0,Hayır,0.192,576.09,2024,9,8,Sunday
1290,1314,SIP100621,MUS1114,2024-02-03 14:48:00,İstanbul,Marmara,Ev Yaşam,Masa Lambası,2,653.22,0.0,39.9,Dijital Cüzdan,VIP,2.0,5.0,Hayır,0.23,1346.34,2024,2,3,Saturday
1291,1315,SIP100651,MUS1440,2025-02-02 10:38:00,Kayseri,İç Anadolu,Kozmetik,Serum,1,592.17,0.0,39.9,Kredi Kartı,Mevcut,6.0,4.0,Hayır,0.357,632.07,2025,2,2,Sunday
1293,1317,SIP100923,MUS1259,2024-05-23 19:35:00,Ankara,İç Anadolu,Spor,Yoga Matı,2,655.56,0.1,39.9,Dijital Cüzdan,Mevcut,2.0,5.0,Hayır,0.197,1219.91,2024,5,23,Thursday
1294,1318,SIP100160,MUS1189,2024-02-27 13:32:00,Ankara,İç Anadolu,Ofis,Kalem Seti,2,96.73,0.2,29.9,Kredi Kartı,Mevcut,3.0,5.0,Evet,0.319,184.67,2024,2,27,Tuesday
1295,1319,SIP100883,MUS1150,2024-06-20 18:07:00,Antalya,Akdeniz,Kozmetik,Yüz Temizleme Jeli,1,282.78,0.2,29.9,Dijital Cüzdan,VIP,2.0,5.0,Hayır,0.239,256.12,2024,6,20,Thursday
1296,1320,SIP100538,MUS1410,2025-06-07 12:25:00,Kayseri,İç Anadolu,Spor,Dambıl Seti,1,1576.87,0.0,39.9,Kredi Kartı,Mevcut,2.0,4.0,Evet,0.317,1616.77,2025,6,7,Saturday
1297,1321,SIP100241,MUS1160,2024-06-12 14:43:00,Adana,Akdeniz,Spor,Suluk,1,196.64,0.1,0.0,Kredi Kartı,VIP,4.0,4.0,Hayır,0.281,176.98,2024,6,12,Wednesday
1298,1322,SIP100014,MUS1151,2025-11-29 22:34:00,Kayseri,İç Anadolu,Elektronik,Kablosuz Kulaklık,1,1742.85,0.05,59.9,Havale/EFT,Mevcut,4.0,5.0,Hayır,0.225,1715.61,2025,11,29,Saturday
1300,1324,SIP101354,MUS1008,2024-03-19 09:32:00,Mersin,Akdeniz,Ofis,Defter Seti,2,151.22,0.05,29.9,Havale/EFT,Mevcut,5.0,3.0,Hayır,0.329,317.22,2024,3,19,Tuesday
1301,1325,SIP100929,MUS1184,2024-01-10 11:47:00,Bursa,Marmara,Ev Yaşam,Kahve Kupası,1,194.83,0.1,39.9,Kredi Kartı,Yeni,2.0,4.0,Hayır,0.419,215.25,2024,1,10,Wednesday
1302,1326,SIP100796,MUS1134,2025-05-19 20:29:00,Konya,İç Anadolu,Elektronik,Powerbank,1,844.77,0.05,49.9,Kredi Kartı,Mevcut,4.0,4.0,Hayır,0.374,852.43,2025,5,19,Monday
1303,1327,SIP100356,MUS1202,2025-04-14 19:05:00,Bursa,Marmara,Kitap,İş Analitiği Rehberi,2,264.07,0.1,49.9,Banka Kartı,Mevcut,5.0,4.0,Hayır,0.186,525.23,2025,4,14,Monday
1304,1328,SIP101059,MUS1193,2025-02-10 15:19:00,Ankara,İç Anadolu,Elektronik,Bluetooth Hoparlör,2,1134.87,0.0,0.0,Havale/EFT,VIP,3.0,4.0,Hayır,0.23,2269.74,2025,2,10,Monday
1305,1329,SIP100335,MUS1106,2024-10-18 20:44:00,Antalya,Akdeniz,Kozmetik,Serum,2,501.48,0.05,0.0,Kredi Kartı,Mevcut,4.0,5.0,Hayır,0.406,952.81,2024,10,18,Friday
1307,1331,SIP100185,MUS1235,2025-12-13 15:40:00,Konya,İç Anadolu,Kitap,Zaman Yönetimi,5,172.16,0.05,29.9,Kredi Kartı,Yeni,4.0,5.0,Hayır,0.377,847.66,2025,12,13,Saturday
1308,1332,SIP100824,MUS1328,2025-12-08 22:50:00,İstanbul,Marmara,Kitap,Veri Bilimi 101,1,257.83,0.05,59.9,Banka Kartı,Yeni,4.0,5.0,Hayır,0.218,304.84,2025,12,8,Monday
1309,1333,SIP101337,MUS1431,2024-02-09 14:06:00,Adana,Akdeniz,Elektronik,Webcam,1,903.43,0.1,0.0,Dijital Cüzdan,Mevcut,5.0,5.0,Hayır,0.22,813.09,2024,2,9,Friday
1310,1334,SIP101002,MUS1171,2025-10-08 19:24:00,Samsun,Karadeniz,Kozmetik,Güneş Kremi,2,484.89,0.0,29.9,Banka Kartı,VIP,5.0,5.0,Hayır,0.382,999.68,2025,10,8,Wednesday
1311,1335,SIP100188,MUS1255,2025-02-13 19:28:00,Ankara,İç Anadolu,Ofis,Not Tutucu,2,124.22,0.1,59.9,Kredi Kartı,Mevcut,2.0,3.0,Hayır,0.203,283.5,2025,2,13,Thursday
1312,1336,SIP100942,MUS1050,2024-04-14 18:03:00,Konya,İç Anadolu,Spor,Yoga Matı,1,664.94,0.0,29.9,Banka Kartı,Yeni,5.0,5.0,Hayır,0.256,694.84,2024,4,14,Sunday
1313,1337,SIP100285,MUS1139,2025-01-04 09:05:00,İstanbul,Marmara,Spor,Suluk,2,216.35,0.15,59.9,Kredi Kartı,Yeni,1.0,4.0,Hayır,0.269,427.69,2025,1,4,Saturday
1314,1338,SIP100900,MUS1326,2025-08-25 16:33:00,İzmir,Ege,Kozmetik,Şampuan,5,193.71,0.0,39.9,Havale/EFT,Mevcut,3.0,4.0,Hayır,0.268,1008.45,2025,8,25,Monday
1315,1339,SIP101395,MUS1182,2024-07-23 10:18:00,İzmir,Ege,Ev Yaşam,Saklama Kutusu,1,259.77,0.05,49.9,Kredi Kartı,Mevcut,5.0,3.0,Hayır,0.374,296.68,2024,7,23,Tuesday
1316,1340,SIP100166,MUS1336,2024-12-07 09:37:00,Konya,İç Anadolu,Kozmetik,Nemlendirici,2,412.45,0.0,39.9,Banka Kartı,VIP,3.0,5.0,Hayır,0.35,864.8,2024,12,7,Saturday
1318,1342,SIP100299,MUS1298,2024-04-18 08:06:00,Trabzon,Karadeniz,Ofis,Not Tutucu,2,131.82,0.15,0.0,Kredi Kartı,Mevcut,5.0,5.0,Hayır,0.318,224.09,2024,4,18,Thursday
1319,1343,SIP100536,MUS1340,2024-12-30 10:49:00,İstanbul,Marmara,Ev Yaşam,Organizer,2,264.61,0.2,29.9,Kredi Kartı,VIP,3.0,5.0,Hayır,0.275,453.28,2024,12,30,Monday
1320,1344,SIP100230,MUS1125,2025-07-29 19:17:00,İstanbul,Marmara,Kozmetik,Güneş Kremi,2,436.22,0.05,49.9,Kredi Kartı,Mevcut,2.0,4.0,Hayır,0.325,878.72,2025,7,29,Tuesday
1321,1345,SIP100042,MUS1013,2024-08-30 21:10:00,İzmir,Ege,Kozmetik,Nemlendirici,2,405.41,0.05,49.9,Dijital Cüzdan,Mevcut,3.0,5.0,Hayır,0.273,820.18,2024,8,30,Friday
1322,1346,SIP100869,MUS1360,2024-05-31 15:27:00,İstanbul,Marmara,Ofis,Not Tutucu,1,126.9,0.0,0.0,Kredi Kartı,Yeni,2.0,4.0,Hayır,0.272,126.9,2024,5,31,Friday
1323,1347,SIP100749,MUS1033,2025-04-30 13:26:00,Trabzon,Karadeniz,Kozmetik,Nemlendirici,1,381.76,0.0,39.9,Kredi Kartı,Mevcut,3.0,4.0,Hayır,0.365,421.66,2025,4,30,Wednesday
1325,1349,SIP100447,MUS1317,2025-08-01 11:42:00,Bursa,Marmara,Kitap,Girişimcilik,2,195.2,0.15,0.0,Dijital Cüzdan,Mevcut,3.0,5.0,Hayır,0.195,331.84,2025,8,1,Friday
1326,1350,SIP100350,MUS1206,2025-11-20 22:03:00,Antalya,Akdeniz,Elektronik,Powerbank,1,830.56,0.1,29.9,Kredi Kartı,Mevcut,5.0,4.0,Hayır,0.396,777.4,2025,11,20,Thursday
1327,1351,SIP100046,MUS1136,2024-12-05 08:07:00,Bursa,Marmara,Kitap,Girişimcilik,4,215.61,0.1,49.9,Dijital Cüzdan,Yeni,1.0,3.0,Hayır,0.397,826.1,2024,12,5,Thursday
1328,1352,SIP101377,MUS1397,2024-11-30 12:32:00,Mersin,Akdeniz,Spor,Direnç Bandı,1,238.2,0.1,0.0,Havale/EFT,Yeni,3.0,3.0,Hayır,0.337,214.38,2024,11,30,Saturday
1329,1353,SIP101399,MUS1302,2025-05-01 10:29:00,Samsun,Karadeniz,Kozmetik,Nemlendirici,1,367.63,0.1,39.9,Banka Kartı,Mevcut,2.0,4.0,Hayır,0.368,370.77,2025,5,1,Thursday
1331,1356,SIP100182,MUS1260,2025-06-20 13:04:00,Antalya,Akdeniz,Ev Yaşam,Termos,4,474.26,0.05,39.9,Dijital Cüzdan,Mevcut,4.0,4.0,Hayır,0.254,1842.09,2025,6,20,Friday
1333,1358,SIP100635,MUS1420,2025-09-06 08:15:00,İzmir,Ege,Elektronik,Powerbank,1,821.15,0.0,29.9,Dijital Cüzdan,Yeni,4.0,4.0,Hayır,0.417,851.05,2025,9,6,Saturday
1334,1359,SIP100105,MUS1439,2024-11-25 21:12:00,Kocaeli,Marmara,Spor,Direnç Bandı,3,250.07,0.0,29.9,Dijital Cüzdan,Yeni,5.0,5.0,Hayır,0.379,780.11,2024,11,25,Monday
1335,1360,SIP100061,MUS1427,2024-03-06 14:26:00,Adana,Akdeniz,Kitap,Python Notları,2,235.58,0.15,59.9,Kredi Kartı,Mevcut,1.0,4.0,Evet,0.194,460.39,2024,3,6,Wednesday
1339,1364,SIP100316,MUS1153,2025-07-13 11:27:00,Gaziantep,Güneydoğu Anadolu,Kitap,Zaman Yönetimi,3,176.48,0.0,29.9,Kredi Kartı,Mevcut,2.0,5.0,Hayır,0.335,559.34,2025,7,13,Sunday
1340,1365,SIP100382,MUS1046,2024-12-05 19:04:00,Antalya,Akdeniz,Spor,Dambıl Seti,2,1479.55,0.1,49.9,Kredi Kartı,VIP,2.0,4.0,Hayır,0.399,2713.09,2024,12,5,Thursday
1341,1366,SIP100423,MUS1153,2025-04-28 22:12:00,Antalya,Akdeniz,Kozmetik,Yüz Temizleme Jeli,1,290.1,0.0,29.9,Kredi Kartı,Mevcut,1.0,5.0,Hayır,0.258,320.0,2025,4,28,Monday
1342,1367,SIP101382,MUS1189,2025-03-28 13:33:00,Samsun,Karadeniz,Elektronik,Bluetooth Hoparlör,2,1159.17,0.0,49.9,Kredi Kartı,Mevcut,3.0,5.0,Hayır,0.291,2368.24,2025,3,28,Friday
1344,1369,SIP100664,MUS1187,2025-04-26 11:14:00,Adana,Akdeniz,Kitap,Zaman Yönetimi,4,170.76,0.0,49.9,Kredi Kartı,VIP,2.0,5.0,Hayır,0.364,732.94,2025,4,26,Saturday
1345,1370,SIP101025,MUS1004,2024-05-26 12:47:00,İstanbul,Marmara,Kozmetik,Güneş Kremi,2,468.05,0.1,29.9,Kredi Kartı,Mevcut,3.0,5.0,Hayır,0.181,872.39,2024,5,26,Sunday
1346,1371,SIP100780,MUS1407,2024-01-20 20:30:00,İstanbul,Marmara,Elektronik,Kablosuz Kulaklık,1,1440.97,0.05,29.9,Havale/EFT,Yeni,2.0,5.0,Hayır,0.364,1398.82,2024,1,20,Saturday
1347,1373,SIP101113,MUS1225,2025-02-11 15:43:00,İstanbul,Marmara,Kitap,Python Notları,4,213.8,0.1,49.9,Banka Kartı,Mevcut,5.0,5.0,Evet,0.195,819.58,2025,2,11,Tuesday
1348,1374,SIP101102,MUS1443,2024-10-07 11:59:00,İstanbul,Marmara,Spor,Yoga Matı,2,693.54,0.05,0.0,Kredi Kartı,Yeni,3.0,5.0,Hayır,0.387,1317.73,2024,10,7,Monday
1349,1375,SIP100269,MUS1251,2025-04-16 10:46:00,Trabzon,Karadeniz,Kitap,Zaman Yönetimi,1,170.29,0.1,59.9,Havale/EFT,Yeni,4.0,4.0,Hayır,0.256,213.16,2025,4,16,Wednesday
1350,1376,SIP100930,MUS1361,2024-08-14 11:31:00,İstanbul,Marmara,Kozmetik,Güneş Kremi,3,458.11,0.0,29.9,Dijital Cüzdan,Yeni,5.0,4.0,Hayır,0.363,1404.23,2024,8,14,Wednesday
1351,1377,SIP101148,MUS1335,2025-07-26 17:53:00,İstanbul,Marmara,Spor,Dambıl Seti,2,1538.74,0.05,49.9,Kredi Kartı,Mevcut,2.0,4.0,Hayır,0.403,2973.51,2025,7,26,Saturday
1353,1379,SIP101120,MUS1106,2025-12-05 14:41:00,Konya,İç Anadolu,Kozmetik,Yüz Temizleme Jeli,2,325.79,0.1,29.9,Kredi Kartı,Mevcut,2.0,4.0,Hayır,0.247,616.32,2025,12,5,Friday
1356,1382,SIP100844,MUS1314,2024-10-14 19:23:00,Ankara,İç Anadolu,Ev Yaşam,Kahve Kupası,1,193.45,0.0,39.9,Dijital Cüzdan,Yeni,4.0,4.0,Hayır,0.18,233.35,2024,10,14,Monday
1358,1384,SIP100353,MUS1430,2024-06-03 08:59:00,Gaziantep,Güneydoğu Anadolu,Kozmetik,Nemlendirici,1,425.96,0.0,39.9,Kredi Kartı,Yeni,1.0,5.0,Hayır,0.379,465.86,2024,6,3,Monday
1359,1386,SIP100774,MUS1145,2024-04-08 16:37:00,Ankara,İç Anadolu,Kitap,İş Analitiği Rehberi,2,297.8,0.1,39.9,Kredi Kartı,Yeni,3.0,5.0,Hayır,0.292,575.94,2024,4,8,Monday
1360,1387,SIP100691,MUS1108,2025-02-26 20:24:00,Antalya,Akdeniz,Ev Yaşam,Kahve Kupası,2,164.35,0.05,59.9,Kredi Kartı,Mevcut,5.0,5.0,Hayır,0.219,372.16,2025,2,26,Wednesday
1361,1388,SIP100791,MUS1102,2024-04-14 19:59:00,İzmir,Ege,Kitap,Girişimcilik,3,200.01,0.0,49.9,Dijital Cüzdan,Yeni,2.0,4.0,Hayır,0.217,649.93,2024,4,14,Sunday
1362,1389,SIP100532,MUS1404,2025-08-23 21:01:00,Gaziantep,Güneydoğu Anadolu,Spor,Direnç Bandı,1,233.8,0.0,49.9,Kredi Kartı,Yeni,4.0,5.0,Hayır,0.311,283.7,2025,8,23,Saturday
1363,1391,SIP100170,MUS1079,2024-02-08 18:21:00,Kocaeli,Marmara,Kitap,Girişimcilik,5,207.07,0.05,59.9,Dijital Cüzdan,Mevcut,3.0,4.0,Hayır,0.304,1043.48,2024,2,8,Thursday
1364,1393,SIP101302,MUS1008,2024-06-15 14:29:00,Antalya,Akdeniz,Kozmetik,Güneş Kremi,3,470.53,0.0,39.9,Havale/EFT,VIP,4.0,5.0,Hayır,0.234,1451.49,2024,6,15,Saturday
1365,1394,SIP101185,MUS1136,2024-01-08 13:50:00,İzmir,Ege,Kitap,Zaman Yönetimi,1,157.95,0.05,0.0,Kredi Kartı,Yeni,2.0,5.0,Hayır,0.368,150.05,2024,1,8,Monday
1366,1395,SIP100074,MUS1375,2025-09-22 20:58:00,Gaziantep,Güneydoğu Anadolu,Kitap,İş Analitiği Rehberi,1,304.67,0.05,39.9,Banka Kartı,Mevcut,1.0,4.0,Hayır,0.287,329.34,2025,9,22,Monday
1367,1396,SIP101087,MUS1090,2025-04-04 10:43:00,Adana,Akdeniz,Elektronik,Powerbank,3,780.38,0.0,39.9,Dijital Cüzdan,Mevcut,1.0,4.0,Hayır,0.22,2381.04,2025,4,4,Friday
1368,1397,SIP100762,MUS1229,2025-01-13 14:23:00,İzmir,Ege,Kitap,Zaman Yönetimi,1,168.7,0.1,49.9,Kredi Kartı,Yeni,5.0,5.0,Hayır,0.187,201.73,2025,1,13,Monday
1369,1398,SIP100741,MUS1239,2025-06-11 22:43:00,Konya,İç Anadolu,Ofis,Defter Seti,1,166.28,0.0,39.9,Kredi Kartı,Yeni,7.0,5.0,Hayır,0.319,206.18,2025,6,11,Wednesday
1370,1399,SIP100751,MUS1088,2025-07-15 15:29:00,Antalya,Akdeniz,Kitap,Girişimcilik,1,189.56,0.05,29.9,Kredi Kartı,Yeni,5.0,5.0,Hayır,0.313,209.98,2025,7,15,Tuesday
1371,1400,SIP100742,MUS1071,2024-06-28 18:35:00,Konya,İç Anadolu,Ofis,Mouse Pad,2,154.83,0.0,29.9,Havale/EFT,Mevcut,3.0,5.0,Hayır,0.354,355.03,2024,6,28,Friday
1372,1401,SIP100831,MUS1377,2025-08-31 18:26:00,Ankara,İç Anadolu,Kitap,Python Notları,2,250.47,0.0,39.9,Havale/EFT,Yeni,1.0,3.0,Hayır,0.189,540.84,2025,8,31,Sunday
1373,1402,SIP100048,MUS1369,2024-02-15 19:27:00,Eskişehir,İç Anadolu,Ev Yaşam,Saklama Kutusu,2,231.78,0.0,39.9,Kredi Kartı,VIP,2.0,5.0,Hayır,0.361,503.46,2024,2,15,Thursday
1375,1404,SIP100592,MUS1167,2024-04-04 17:25:00,Ankara,İç Anadolu,Ofis,Mouse Pad,3,182.49,0.0,39.9,Banka Kartı,Yeni,2.0,4.0,Evet,0.234,587.37,2024,4,4,Thursday
1376,1405,SIP100808,MUS1381,2024-09-28 08:19:00,Kayseri,İç Anadolu,Ev Yaşam,Saklama Kutusu,3,228.84,0.1,39.9,Kredi Kartı,Mevcut,2.0,4.0,Hayır,0.359,657.77,2024,9,28,Saturday
1378,1407,SIP100506,MUS1419,2025-10-20 12:13:00,İstanbul,Marmara,Elektronik,Powerbank,1,792.48,0.05,39.9,Kredi Kartı,Yeni,2.0,4.0,Hayır,0.377,792.76,2025,10,20,Monday
1379,1408,SIP101045,MUS1060,2024-04-24 09:21:00,Ankara,İç Anadolu,Ofis,Defter Seti,3,152.53,0.05,59.9,Havale/EFT,VIP,1.0,4.0,Hayır,0.309,494.61,2024,4,24,Wednesday
1381,1410,SIP100193,MUS1291,2024-02-05 10:04:00,İstanbul,Marmara,Kozmetik,Şampuan,2,183.2,0.1,0.0,Kredi Kartı,Mevcut,4.0,5.0,Hayır,0.292,329.76,2024,2,5,Monday
1382,1411,SIP101240,MUS1056,2025-01-03 11:47:00,Ankara,İç Anadolu,Kitap,Zaman Yönetimi,2,154.33,0.1,49.9,Kredi Kartı,VIP,3.0,5.0,Hayır,0.406,327.69,2025,1,3,Friday
1383,1412,SIP100245,MUS1060,2024-07-26 17:34:00,İstanbul,Marmara,Kozmetik,Serum,2,519.26,0.05,29.9,Kredi Kartı,Yeni,3.0,4.0,Hayır,0.336,1016.49,2024,7,26,Friday
1388,1417,SIP100450,MUS1207,2024-09-03 13:17:00,İstanbul,Marmara,Spor,Suluk,1,184.25,0.1,39.9,Kredi Kartı,Yeni,4.0,4.0,Hayır,0.392,205.73,2024,9,3,Tuesday
1391,1420,SIP100920,MUS1425,2025-07-04 14:58:00,İzmir,Ege,Ev Yaşam,Masa Lambası,2,699.19,0.0,49.9,Banka Kartı,Yeni,2.0,4.0,Hayır,0.336,1448.28,2025,7,4,Friday
1392,1422,SIP101222,MUS1440,2025-05-14 09:21:00,Bursa,Marmara,Spor,Dambıl Seti,1,1488.18,0.0,29.9,Kredi Kartı,Mevcut,3.0,4.0,Hayır,0.189,1518.08,2025,5,14,Wednesday
1394,1424,SIP101193,MUS1297,2025-11-06 08:17:00,Gaziantep,Güneydoğu Anadolu,Spor,Suluk,2,187.03,0.0,59.9,Kredi Kartı,Yeni,2.0,4.0,Evet,0.243,433.96,2025,11,6,Thursday
1396,1426,SIP101060,MUS1189,2025-04-19 21:52:00,Kocaeli,Marmara,Kitap,Veri Bilimi 101,2,248.55,0.05,59.9,Banka Kartı,Yeni,4.0,3.0,Hayır,0.373,532.14,2025,4,19,Saturday
1397,1427,SIP100642,MUS1289,2024-09-22 16:36:00,Ankara,İç Anadolu,Kozmetik,Güneş Kremi,1,424.84,0.2,0.0,Dijital Cüzdan,Yeni,2.0,4.0,Hayır,0.317,339.87,2024,9,22,Sunday
